1789821308.408256	ref	settle
1789821323.429417	warm	warm
1789821333.569365	cool	wait
1789821333.617806	4W#p1	idle
1789821343.642170	4W#p1	zstd_mt
1789821364.758097	4W#p1	gap
1789821367.765020	4W#p1	sha_mt
1789821372.915388	4W#p1	gap
1789821375.957318	4W#p1	pdf_mt
1789821382.734154	4W#p1	gap
1789821385.760386	4W#p1	pdf_st
1789821395.666019	4W#p1	gap
1789821398.670894	4W#p1	py_st
1789821402.028411	4W#p1	gap
1789821405.033282	4W#p1	sha_st
1789821409.947023	4W#p1	gap
1789821412.952037	4W#p1	end
1789821416.965145	cool	wait
1789821417.012704	5W#p1	idle
1789821427.045321	5W#p1	zstd_mt
1789821442.789951	5W#p1	gap
1789821445.796962	5W#p1	sha_mt
1789821449.628274	5W#p1	gap
1789821452.668722	5W#p1	pdf_mt
1789821457.862605	5W#p1	gap
1789821460.887325	5W#p1	pdf_st
1789821470.689693	5W#p1	gap
1789821473.694448	5W#p1	py_st
1789821476.732985	5W#p1	gap
1789821479.738118	5W#p1	sha_st
1789821484.444140	5W#p1	gap
1789821487.448839	5W#p1	end
1789821491.465524	cool	wait
1789821491.513516	5.5W#p1	idle
1789821501.552479	5.5W#p1	zstd_mt
1789821515.383227	5.5W#p1	gap
1789821518.389471	5.5W#p1	sha_mt
1789821521.696645	5.5W#p1	gap
1789821524.751519	5.5W#p1	pdf_mt
1789821529.519794	5.5W#p1	gap
1789821532.557252	5.5W#p1	pdf_st
1789821542.385380	5.5W#p1	gap
1789821545.394454	5.5W#p1	py_st
1789821548.335030	5.5W#p1	gap
1789821551.343962	5.5W#p1	sha_st
1789821556.075003	5.5W#p1	gap
1789821559.083986	5.5W#p1	end
1789821563.100764	cool	wait
1789821565.151822	6W#p1	idle
1789821575.185366	6W#p1	zstd_mt
1789821587.349700	6W#p1	gap
1789821590.358824	6W#p1	sha_mt
1789821593.467073	6W#p1	gap
1789821596.516463	6W#p1	pdf_mt
1789821601.076664	6W#p1	gap
1789821604.106038	6W#p1	pdf_st
1789821613.940101	6W#p1	gap
1789821616.946050	6W#p1	py_st
1789821619.906472	6W#p1	gap
1789821622.911065	6W#p1	sha_st
1789821627.782040	6W#p1	gap
1789821630.786756	6W#p1	end
1789821634.799153	cool	wait
1789821636.849317	6.5W#p1	idle
1789821646.880787	6.5W#p1	zstd_mt
1789821658.101981	6.5W#p1	gap
1789821661.108726	6.5W#p1	sha_mt
1789821663.960494	6.5W#p1	gap
1789821667.000417	6.5W#p1	pdf_mt
1789821671.297384	6.5W#p1	gap
1789821674.320448	6.5W#p1	pdf_st
1789821684.122216	6.5W#p1	gap
1789821687.127044	6.5W#p1	py_st
1789821690.063878	6.5W#p1	gap
1789821693.068536	6.5W#p1	sha_st
1789821697.831925	6.5W#p1	gap
1789821700.836749	6.5W#p1	end
1789821704.849656	cool	wait
1789821706.908356	7W#p1	idle
1789821716.940779	7W#p1	zstd_mt
1789821727.664930	7W#p1	gap
1789821730.671577	7W#p1	sha_mt
1789821733.400156	7W#p1	gap
1789821736.452748	7W#p1	pdf_mt
1789821740.476229	7W#p1	gap
1789821743.524749	7W#p1	pdf_st
1789821753.405159	7W#p1	gap
1789821756.414430	7W#p1	py_st
1789821759.331012	7W#p1	gap
1789821762.339842	7W#p1	sha_st
1789821767.308760	7W#p1	gap
1789821770.315372	7W#p1	end
1789821774.333548	cool	wait
1789821780.410050	7.5W#p1	idle
1789821790.446587	7.5W#p1	zstd_mt
1789821800.572816	7.5W#p1	gap
1789821803.579547	7.5W#p1	sha_mt
1789821806.109109	7.5W#p1	gap
1789821809.158322	7.5W#p1	pdf_mt
1789821813.125785	7.5W#p1	gap
1789821816.161732	7.5W#p1	pdf_st
1789821826.039523	7.5W#p1	gap
1789821829.046317	7.5W#p1	py_st
1789821831.971970	7.5W#p1	gap
1789821834.981014	7.5W#p1	sha_st
1789821839.868455	7.5W#p1	gap
1789821842.874527	7.5W#p1	end
1789821846.890343	cool	wait
1789821852.959184	8W#p1	idle
1789821862.985483	8W#p1	zstd_mt
1789821872.518245	8W#p1	gap
1789821875.525439	8W#p1	sha_mt
1789821877.826235	8W#p1	gap
1789821880.872078	8W#p1	pdf_mt
1789821884.611622	8W#p1	gap
1789821887.636603	8W#p1	pdf_st
1789821897.528528	8W#p1	gap
1789821900.533236	8W#p1	py_st
1789821903.468449	8W#p1	gap
1789821906.473200	8W#p1	sha_st
1789821911.434949	8W#p1	gap
1789821914.439502	8W#p1	end
1789821918.458302	cool	wait
1789821928.558838	9W#p1	idle
1789821938.588657	9W#p1	zstd_mt
1789821946.902473	9W#p1	gap
1789821949.908770	9W#p1	sha_mt
1789821952.057871	9W#p1	gap
1789821955.104241	9W#p1	pdf_mt
1789821958.624224	9W#p1	gap
1789821961.659541	9W#p1	pdf_st
1789821971.552591	9W#p1	gap
1789821974.561370	9W#p1	py_st
1789821977.520487	9W#p1	gap
1789821980.529592	9W#p1	sha_st
1789821985.308489	9W#p1	gap
1789821988.317669	9W#p1	end
1789821992.332974	cool	wait
1789822000.414543	10W#p1	idle
1789822010.443817	10W#p1	zstd_mt
1789822018.198830	10W#p1	gap
1789822021.206037	10W#p1	sha_mt
1789822023.223236	10W#p1	gap
1789822026.263232	10W#p1	pdf_mt
1789822029.704202	10W#p1	gap
1789822032.730380	10W#p1	pdf_st
1789822042.610528	10W#p1	gap
1789822045.615263	10W#p1	py_st
1789822048.521775	10W#p1	gap
1789822051.527058	10W#p1	sha_st
1789822056.414439	10W#p1	gap
1789822059.419102	10W#p1	end
1789822063.435427	cool	wait
1789822069.506245	12W#p1	idle
1789822079.534384	12W#p1	zstd_mt
1789822086.362785	12W#p1	gap
1789822089.367412	12W#p1	sha_mt
1789822091.167581	12W#p1	gap
1789822094.208732	12W#p1	pdf_mt
1789822097.551155	12W#p1	gap
1789822100.576165	12W#p1	pdf_st
1789822110.366194	12W#p1	gap
1789822113.374093	12W#p1	py_st
1789822116.277556	12W#p1	gap
1789822119.282350	12W#p1	sha_st
1789822124.004806	12W#p1	gap
1789822127.009646	12W#p1	end
1789822131.050722	cool	wait
1789822145.156185	12W#p2	idle
1789822155.183023	12W#p2	zstd_mt
1789822162.100222	12W#p2	gap
1789822165.107428	12W#p2	sha_mt
1789822166.885646	12W#p2	gap
1789822169.926458	12W#p2	pdf_mt
1789822173.312671	12W#p2	gap
1789822176.340284	12W#p2	pdf_st
1789822186.221640	12W#p2	gap
1789822189.226240	12W#p2	py_st
1789822192.148655	12W#p2	gap
1789822195.153491	12W#p2	sha_st
1789822200.006348	12W#p2	gap
1789822203.011299	12W#p2	end
1789822207.027435	cool	wait
1789822217.121240	10W#p2	idle
1789822227.156444	10W#p2	zstd_mt
1789822234.933201	10W#p2	gap
1789822237.940224	10W#p2	sha_mt
1789822239.956820	10W#p2	gap
1789822243.000405	10W#p2	pdf_mt
1789822246.442150	10W#p2	gap
1789822249.468218	10W#p2	pdf_st
1789822259.271838	10W#p2	gap
1789822262.276554	10W#p2	py_st
1789822265.184084	10W#p2	gap
1789822268.189435	10W#p2	sha_st
1789822272.904203	10W#p2	gap
1789822275.911130	10W#p2	end
1789822279.927927	cool	wait
1789822290.024383	9W#p2	idle
1789822300.058552	9W#p2	zstd_mt
1789822308.371584	9W#p2	gap
1789822311.380108	9W#p2	sha_mt
1789822313.529496	9W#p2	gap
1789822316.578960	9W#p2	pdf_mt
1789822320.103963	9W#p2	gap
1789822323.139787	9W#p2	pdf_st
1789822333.000921	9W#p2	gap
1789822336.008489	9W#p2	py_st
1789822338.959774	9W#p2	gap
1789822341.968995	9W#p2	sha_st
1789822346.734816	9W#p2	gap
1789822349.743924	9W#p2	end
1789822353.760039	cool	wait
1789822361.864185	8W#p2	idle
1789822371.899182	8W#p2	zstd_mt
1789822381.354605	8W#p2	gap
1789822384.364058	8W#p2	sha_mt
1789822386.677742	8W#p2	gap
1789822389.727619	8W#p2	pdf_mt
1789822393.386403	8W#p2	gap
1789822396.425145	8W#p2	pdf_st
1789822406.318734	8W#p2	gap
1789822409.327410	8W#p2	py_st
1789822412.267596	8W#p2	gap
1789822415.276465	8W#p2	sha_st
1789822420.040325	8W#p2	gap
1789822423.047292	8W#p2	end
1789822427.064443	cool	wait
1789822435.149837	7.5W#p2	idle
1789822445.182184	7.5W#p2	zstd_mt
1789822455.034173	7.5W#p2	gap
1789822458.041430	7.5W#p2	sha_mt
1789822460.558400	7.5W#p2	gap
1789822463.598420	7.5W#p2	pdf_mt
1789822467.454438	7.5W#p2	gap
1789822470.481340	7.5W#p2	pdf_st
1789822480.350435	7.5W#p2	gap
1789822483.355152	7.5W#p2	py_st
1789822486.294833	7.5W#p2	gap
1789822489.299810	7.5W#p2	sha_st
1789822494.059821	7.5W#p2	gap
1789822497.066015	7.5W#p2	end
1789822501.082304	cool	wait
1789822507.165463	7W#p2	idle
1789822517.202779	7W#p2	zstd_mt
1789822527.781729	7W#p2	gap
1789822530.790835	7W#p2	sha_mt
1789822533.430116	7W#p2	gap
1789822536.479108	7W#p2	pdf_mt
1789822540.468176	7W#p2	gap
1789822543.504043	7W#p2	pdf_st
1789822553.333451	7W#p2	gap
1789822556.340720	7W#p2	py_st
1789822559.227566	7W#p2	gap
1789822562.236214	7W#p2	sha_st
1789822567.030530	7W#p2	gap
1789822570.039311	7W#p2	end
1789822574.055118	cool	wait
1789822580.129822	6.5W#p2	idle
1789822590.165798	6.5W#p2	zstd_mt
1789822601.397280	6.5W#p2	gap
1789822604.406286	6.5W#p2	sha_mt
1789822607.333475	6.5W#p2	gap
1789822610.381125	6.5W#p2	pdf_mt
1789822614.732590	6.5W#p2	gap
1789822617.769808	6.5W#p2	pdf_st
1789822627.653637	6.5W#p2	gap
1789822630.660794	6.5W#p2	py_st
1789822633.639878	6.5W#p2	gap
1789822636.649235	6.5W#p2	sha_st
1789822641.519468	6.5W#p2	gap
1789822644.528067	6.5W#p2	end
1789822648.543368	cool	wait
1789822650.594657	6W#p2	idle
1789822660.631472	6W#p2	zstd_mt
1789822672.953568	6W#p2	gap
1789822675.960299	6W#p2	sha_mt
1789822679.080545	6W#p2	gap
1789822682.129787	6W#p2	pdf_mt
1789822686.760221	6W#p2	gap
1789822689.793739	6W#p2	pdf_st
1789822699.650391	6W#p2	gap
1789822702.659333	6W#p2	py_st
1789822705.593799	6W#p2	gap
1789822708.602615	6W#p2	sha_st
1789822713.332828	6W#p2	gap
1789822716.341711	6W#p2	end
1789822720.359232	cool	wait
1789822724.423970	5.5W#p2	idle
1789822734.454892	5.5W#p2	zstd_mt
1789822748.051918	5.5W#p2	gap
1789822751.061413	5.5W#p2	sha_mt
1789822754.427970	5.5W#p2	gap
1789822757.480801	5.5W#p2	pdf_mt
1789822762.250982	5.5W#p2	gap
1789822765.286660	5.5W#p2	pdf_st
1789822775.174107	5.5W#p2	gap
1789822778.183390	5.5W#p2	py_st
1789822781.143399	5.5W#p2	gap
1789822784.152294	5.5W#p2	sha_st
1789822788.988511	5.5W#p2	gap
1789822791.997525	5.5W#p2	end
1789822796.013317	cool	wait
1789822798.060566	5W#p2	idle
1789822808.091017	5W#p2	zstd_mt
1789822823.513280	5W#p2	gap
1789822826.520249	5W#p2	sha_mt
1789822830.273449	5W#p2	gap
1789822833.321517	5W#p2	pdf_mt
1789822838.629560	5W#p2	gap
1789822841.653182	5W#p2	pdf_st
1789822851.538612	5W#p2	gap
1789822854.543292	5W#p2	py_st
1789822857.543130	5W#p2	gap
1789822860.548472	5W#p2	sha_st
1789822865.267689	5W#p2	gap
1789822868.272366	5W#p2	end
1789822872.288545	cool	wait
1789822872.333924	4W#p2	idle
1789822882.371121	4W#p2	zstd_mt
1789822903.746498	4W#p2	gap
1789822906.755253	4W#p2	sha_mt
1789822911.923960	4W#p2	gap
1789822914.972000	4W#p2	pdf_mt
1789822921.732277	4W#p2	gap
1789822924.767076	4W#p2	pdf_st
1789822934.586786	4W#p2	gap
1789822937.595828	4W#p2	py_st
1789822941.004474	4W#p2	gap
1789822944.013506	4W#p2	sha_st
1789822948.923020	4W#p2	gap
1789822951.932451	4W#p2	end
1789822955.974109	cool	wait
1789822956.021785	12W#p3	idle
1789822966.059647	12W#p3	zstd_mt
1789822972.912988	12W#p3	gap
1789822975.919410	12W#p3	sha_mt
1789822977.705429	12W#p3	gap
1789822980.757468	12W#p3	pdf_mt
1789822984.259418	12W#p3	gap
1789822987.305331	12W#p3	pdf_st
1789822997.140623	12W#p3	gap
1789823000.149567	12W#p3	py_st
1789823003.098399	12W#p3	gap
1789823006.107754	12W#p3	sha_st
1789823010.901406	12W#p3	gap
1789823013.907256	12W#p3	end
1789823017.921936	cool	wait
1789823034.039256	7W#p3	idle
1789823044.068333	7W#p3	zstd_mt
1789823054.540729	7W#p3	gap
1789823057.548095	7W#p3	sha_mt
1789823060.199966	7W#p3	gap
1789823063.240623	7W#p3	pdf_mt
1789823067.313591	7W#p3	gap
1789823070.348789	7W#p3	pdf_st
1789823080.233529	7W#p3	gap
1789823083.242307	7W#p3	py_st
1789823086.209550	7W#p3	gap
1789823089.218152	7W#p3	sha_st
1789823093.975570	7W#p3	gap
1789823096.984346	7W#p3	end
1789823101.000485	cool	wait
1789823105.068626	7.5W#p3	idle
1789823115.102087	7.5W#p3	zstd_mt
1789823125.140016	7.5W#p3	gap
1789823128.147138	7.5W#p3	sha_mt
1789823130.610653	7.5W#p3	gap
1789823133.658167	7.5W#p3	pdf_mt
1789823137.525504	7.5W#p3	gap
1789823140.562463	7.5W#p3	pdf_st
1789823150.419445	7.5W#p3	gap
1789823153.428338	7.5W#p3	py_st
1789823156.372948	7.5W#p3	gap
1789823159.382337	7.5W#p3	sha_st
1789823164.181192	7.5W#p3	gap
1789823167.190129	7.5W#p3	end
1789823171.205051	cool	wait
1789823173.260406	9W#p3	idle
1789823183.287001	9W#p3	zstd_mt
1789823191.657301	9W#p3	gap
1789823194.664348	9W#p3	sha_mt
1789823196.825700	9W#p3	gap
1789823199.867052	9W#p3	pdf_mt
1789823203.360215	9W#p3	gap
1789823206.386407	9W#p3	pdf_st
1789823216.186963	9W#p3	gap
1789823219.192038	9W#p3	py_st
1789823222.132391	9W#p3	gap
1789823225.137361	9W#p3	sha_st
1789823230.014962	9W#p3	gap
1789823233.020505	9W#p3	end
1789823237.036577	cool	wait
1789823241.095250	6.5W#p3	idle
1789823251.129253	6.5W#p3	zstd_mt
1789823262.494064	6.5W#p3	gap
1789823265.503314	6.5W#p3	sha_mt
1789823268.368933	6.5W#p3	gap
1789823271.419909	6.5W#p3	pdf_mt
1789823275.693895	6.5W#p3	gap
1789823278.726780	6.5W#p3	pdf_st
1789823288.550279	6.5W#p3	gap
1789823291.557337	6.5W#p3	py_st
1789823294.549759	6.5W#p3	gap
1789823297.554630	6.5W#p3	sha_st
1789823302.342355	6.5W#p3	gap
1789823305.346946	6.5W#p3	end
1789823309.362983	cool	wait
1789823313.436602	10W#p3	idle
1789823323.464314	10W#p3	zstd_mt
1789823331.144277	10W#p3	gap
1789823334.150924	10W#p3	sha_mt
1789823336.114248	10W#p3	gap
1789823339.156050	10W#p3	pdf_mt
1789823342.574720	10W#p3	gap
1789823345.601222	10W#p3	pdf_st
1789823355.486828	10W#p3	gap
1789823358.491625	10W#p3	py_st
1789823361.437629	10W#p3	gap
1789823364.442310	10W#p3	sha_st
1789823369.202376	10W#p3	gap
1789823372.211136	10W#p3	end
1789823376.228508	cool	wait
1789823382.308123	8W#p3	idle
1789823392.342481	8W#p3	zstd_mt
1789823401.718539	8W#p3	gap
1789823404.727893	8W#p3	sha_mt
1789823407.016658	8W#p3	gap
1789823410.065785	8W#p3	pdf_mt
1789823413.702888	8W#p3	gap
1789823416.738442	8W#p3	pdf_st
1789823426.554756	8W#p3	gap
1789823429.563974	8W#p3	py_st
1789823432.523504	8W#p3	gap
1789823435.532542	8W#p3	sha_st
1789823440.278396	8W#p3	gap
1789823443.287224	8W#p3	end
1789823447.303390	cool	wait
1789823451.369084	5.5W#p3	idle
1789823461.400409	5.5W#p3	zstd_mt
1789823475.197534	5.5W#p3	gap
1789823478.204559	5.5W#p3	sha_mt
1789823481.564315	5.5W#p3	gap
1789823484.611023	5.5W#p3	pdf_mt
1789823489.392334	5.5W#p3	gap
1789823492.428119	5.5W#p3	pdf_st
1789823502.282220	5.5W#p3	gap
1789823505.291653	5.5W#p3	py_st
1789823508.230966	5.5W#p3	gap
1789823511.240303	5.5W#p3	sha_st
1789823516.102886	5.5W#p3	gap
1789823519.109390	5.5W#p3	end
1789823523.126424	cool	wait
1789823523.172583	6W#p3	idle
1789823533.207530	6W#p3	zstd_mt
1789823545.502495	6W#p3	gap
1789823548.511303	6W#p3	sha_mt
1789823551.561618	6W#p3	gap
1789823554.613416	6W#p3	pdf_mt
1789823559.188748	6W#p3	gap
1789823562.224433	6W#p3	pdf_st
1789823572.114020	6W#p3	gap
1789823575.123148	6W#p3	py_st
1789823578.092412	6W#p3	gap
1789823581.099350	6W#p3	sha_st
1789823585.851246	6W#p3	gap
1789823588.857846	6W#p3	end
1789823592.875477	cool	wait
1789823592.926250	5W#p3	idle
1789823602.963041	5W#p3	zstd_mt
1789823618.666281	5W#p3	gap
1789823621.673241	5W#p3	sha_mt
1789823625.496692	5W#p3	gap
1789823628.538400	5W#p3	pdf_mt
1789823633.665808	5W#p3	gap
1789823636.690900	5W#p3	pdf_st
1789823646.494181	5W#p3	gap
1789823649.499133	5W#p3	py_st
1789823652.496801	5W#p3	gap
1789823655.502007	5W#p3	sha_st
1789823660.364365	5W#p3	gap
1789823663.369172	5W#p3	end
1789823667.381678	cool	wait
1789823667.422849	4W#p3	idle
1789823677.458462	4W#p3	zstd_mt
1789823698.751326	4W#p3	gap
1789823701.758345	4W#p3	sha_mt
1789823706.957405	4W#p3	gap
1789823709.999886	4W#p3	pdf_mt
1789823716.851236	4W#p3	gap
1789823719.876159	4W#p3	pdf_st
1789823729.775034	4W#p3	gap
1789823732.780109	4W#p3	py_st
1789823736.189297	4W#p3	gap
1789823739.194697	4W#p3	sha_st
1789823743.971016	4W#p3	gap
1789823746.976286	4W#p3	end
1789823746.984718	ref	idle_end
1789823776.992532	ref	end
