tier	task	seconds	t0	t1	soc_joules	work
4W#p1	zstd_mt	21.095	1789821343.652	1789821364.747	84.6	500
4W#p1	sha_mt	5.132	1789821367.773	1789821372.904	21.1	4096
4W#p1	pdf_mt	6.761	1789821375.964	1789821382.725	27.3	80
4W#p1	pdf_st	9.893	1789821385.767	1789821395.660	27.7	40
4W#p1	py_st	3.342	1789821398.679	1789821402.021	13.5	2
4W#p1	sha_st	4.897	1789821405.041	1789821409.938	19.2	2048
5W#p1	zstd_mt	15.726	1789821427.052	1789821442.779	78.4	500
5W#p1	sha_mt	3.816	1789821445.805	1789821449.621	19.4	4096
5W#p1	pdf_mt	5.181	1789821452.676	1789821457.856	26.1	80
5W#p1	pdf_st	9.790	1789821460.894	1789821470.684	28.8	40
5W#p1	py_st	3.024	1789821473.702	1789821476.727	15.1	2
5W#p1	sha_st	4.692	1789821479.746	1789821484.438	19.9	2048
5.5W#p1	zstd_mt	13.814	1789821501.560	1789821515.374	75.8	500
5.5W#p1	sha_mt	3.282	1789821518.400	1789821521.682	18.8	4096
5.5W#p1	pdf_mt	4.748	1789821524.761	1789821529.509	26.2	80
5.5W#p1	pdf_st	9.807	1789821532.567	1789821542.374	28.8	40
5.5W#p1	py_st	2.919	1789821545.406	1789821548.325	15.0	2
5.5W#p1	sha_st	4.708	1789821551.355	1789821556.063	19.8	2048
6W#p1	zstd_mt	12.142	1789821575.195	1789821587.337	72.6	500
6W#p1	sha_mt	3.090	1789821590.369	1789821593.459	18.9	4096
6W#p1	pdf_mt	4.545	1789821596.526	1789821601.071	27.4	80
6W#p1	pdf_st	9.814	1789821604.115	1789821613.929	28.2	40
6W#p1	py_st	2.944	1789821616.956	1789821619.900	14.9	2
6W#p1	sha_st	4.854	1789821622.919	1789821627.773	19.7	2048
6.5W#p1	zstd_mt	11.196	1789821646.892	1789821658.088	72.6	500
6.5W#p1	sha_mt	2.837	1789821661.117	1789821663.954	18.8	4096
6.5W#p1	pdf_mt	4.284	1789821667.007	1789821671.291	27.9	80
6.5W#p1	pdf_st	9.789	1789821674.327	1789821684.116	28.8	40
6.5W#p1	py_st	2.923	1789821687.135	1789821690.058	14.9	2
6.5W#p1	sha_st	4.749	1789821693.077	1789821697.826	19.8	2048
7W#p1	zstd_mt	10.708	1789821716.948	1789821727.656	74.6	500
7W#p1	sha_mt	2.711	1789821730.679	1789821733.390	19.2	4096
7W#p1	pdf_mt	4.003	1789821736.462	1789821740.466	28.0	80
7W#p1	pdf_st	9.858	1789821743.537	1789821753.395	28.4	40
7W#p1	py_st	2.894	1789821756.426	1789821759.320	15.1	2
7W#p1	sha_st	4.949	1789821762.350	1789821767.299	20.2	2048
7.5W#p1	zstd_mt	10.107	1789821790.456	1789821800.563	75.4	500
7.5W#p1	sha_mt	2.508	1789821803.590	1789821806.099	18.8	4096
7.5W#p1	pdf_mt	3.949	1789821809.166	1789821813.115	29.1	80
7.5W#p1	pdf_st	9.860	1789821816.172	1789821826.032	28.2	40
7.5W#p1	py_st	2.904	1789821829.057	1789821831.961	15.0	2
7.5W#p1	sha_st	4.867	1789821834.992	1789821839.858	19.6	2048
8W#p1	zstd_mt	9.516	1789821862.992	1789821872.508	75.4	500
8W#p1	sha_mt	2.287	1789821875.533	1789821877.820	18.4	4096
8W#p1	pdf_mt	3.727	1789821880.879	1789821884.605	29.5	80
8W#p1	pdf_st	9.878	1789821887.644	1789821897.522	28.7	40
8W#p1	py_st	2.921	1789821900.541	1789821903.462	15.1	2
8W#p1	sha_st	4.948	1789821906.481	1789821911.428	19.9	2048
9W#p1	zstd_mt	8.294	1789821938.599	1789821946.893	73.9	500
9W#p1	sha_mt	2.133	1789821949.917	1789821952.050	19.1	4096
9W#p1	pdf_mt	3.497	1789821955.115	1789821958.612	30.4	80
9W#p1	pdf_st	9.872	1789821961.669	1789821971.541	28.0	40
9W#p1	py_st	2.938	1789821974.571	1789821977.509	15.0	2
9W#p1	sha_st	4.757	1789821980.541	1789821985.298	19.6	2048
10W#p1	zstd_mt	7.732	1789822010.456	1789822018.187	75.7	500
10W#p1	sha_mt	2.003	1789822021.214	1789822023.217	19.5	4096
10W#p1	pdf_mt	3.425	1789822026.270	1789822029.695	31.7	80
10W#p1	pdf_st	9.867	1789822032.737	1789822042.604	28.2	40
10W#p1	py_st	2.889	1789822045.623	1789822048.512	15.0	2
10W#p1	sha_st	4.864	1789822051.545	1789822056.408	20.0	2048
12W#p1	zstd_mt	6.814	1789822079.541	1789822086.355	80.2	500
12W#p1	sha_mt	1.786	1789822089.375	1789822091.161	20.7	4096
12W#p1	pdf_mt	3.328	1789822094.217	1789822097.545	32.9	80
12W#p1	pdf_st	9.777	1789822100.583	1789822110.360	28.5	40
12W#p1	py_st	2.889	1789822113.382	1789822116.271	15.1	2
12W#p1	sha_st	4.709	1789822119.290	1789822123.999	19.2	2048
12W#p2	zstd_mt	6.895	1789822155.195	1789822162.090	80.8	500
12W#p2	sha_mt	1.764	1789822165.116	1789822166.879	20.6	4096
12W#p2	pdf_mt	3.373	1789822169.933	1789822173.306	32.9	80
12W#p2	pdf_st	9.868	1789822176.347	1789822186.215	27.9	40
12W#p2	py_st	2.906	1789822189.234	1789822192.140	14.9	2
12W#p2	sha_st	4.835	1789822195.161	1789822199.996	19.2	2048
10W#p2	zstd_mt	7.760	1789822227.163	1789822234.923	76.6	500
10W#p2	sha_mt	2.002	1789822237.948	1789822239.951	19.4	4096
10W#p2	pdf_mt	3.425	1789822243.007	1789822246.432	32.1	80
10W#p2	pdf_st	9.790	1789822249.475	1789822259.265	28.6	40
10W#p2	py_st	2.887	1789822262.288	1789822265.175	15.5	2
10W#p2	sha_st	4.677	1789822268.198	1789822272.875	19.5	2048
9W#p2	zstd_mt	8.288	1789822300.068	1789822308.357	73.8	500
9W#p2	sha_mt	2.128	1789822311.391	1789822313.519	19.1	4096
9W#p2	pdf_mt	3.505	1789822316.588	1789822320.094	30.6	80
9W#p2	pdf_st	9.842	1789822323.150	1789822332.992	27.9	40
9W#p2	py_st	2.933	1789822336.016	1789822338.949	14.8	2
9W#p2	sha_st	4.744	1789822341.980	1789822346.724	19.6	2048
8W#p2	zstd_mt	9.434	1789822371.909	1789822381.343	74.8	500
8W#p2	sha_mt	2.292	1789822384.375	1789822386.667	18.6	4096
8W#p2	pdf_mt	3.639	1789822389.737	1789822393.375	29.0	80
8W#p2	pdf_st	9.872	1789822396.436	1789822406.308	28.2	40
8W#p2	py_st	2.918	1789822409.339	1789822412.257	14.9	2
8W#p2	sha_st	4.743	1789822415.287	1789822420.030	19.3	2048
7.5W#p2	zstd_mt	9.834	1789822445.189	1789822455.023	73.4	500
7.5W#p2	sha_mt	2.500	1789822458.049	1789822460.550	18.8	4096
7.5W#p2	pdf_mt	3.843	1789822463.605	1789822467.448	28.6	80
7.5W#p2	pdf_st	9.856	1789822470.488	1789822480.344	28.2	40
7.5W#p2	py_st	2.925	1789822483.363	1789822486.288	15.5	2
7.5W#p2	sha_st	4.743	1789822489.308	1789822494.051	19.9	2048
7W#p2	zstd_mt	10.554	1789822517.213	1789822527.767	73.5	500
7W#p2	sha_mt	2.617	1789822530.801	1789822533.418	18.7	4096
7W#p2	pdf_mt	3.969	1789822536.488	1789822540.458	27.7	80
7W#p2	pdf_st	9.809	1789822543.514	1789822553.323	28.2	40
7W#p2	py_st	2.865	1789822556.352	1789822559.217	15.0	2
7W#p2	sha_st	4.773	1789822562.247	1789822567.020	19.6	2048
6.5W#p2	zstd_mt	11.207	1789822590.176	1789822601.383	72.6	500
6.5W#p2	sha_mt	2.903	1789822604.417	1789822607.320	19.2	4096
6.5W#p2	pdf_mt	4.330	1789822610.391	1789822614.722	28.0	80
6.5W#p2	pdf_st	9.866	1789822617.780	1789822627.645	28.4	40
6.5W#p2	py_st	2.957	1789822630.672	1789822633.629	15.0	2
6.5W#p2	sha_st	4.852	1789822636.656	1789822641.509	19.4	2048
6W#p2	zstd_mt	12.303	1789822660.641	1789822672.944	73.6	500
6W#p2	sha_mt	3.095	1789822675.974	1789822679.070	18.8	4096
6W#p2	pdf_mt	4.614	1789822682.139	1789822686.753	27.6	80
6W#p2	pdf_st	9.836	1789822689.804	1789822699.640	28.9	40
6W#p2	py_st	2.913	1789822702.670	1789822705.583	15.5	2
6W#p2	sha_st	4.712	1789822708.610	1789822713.322	19.6	2048
5.5W#p2	zstd_mt	13.579	1789822734.462	1789822748.041	74.6	500
5.5W#p2	sha_mt	3.345	1789822751.068	1789822754.413	18.8	4096
5.5W#p2	pdf_mt	4.749	1789822757.491	1789822762.240	26.4	80
5.5W#p2	pdf_st	9.866	1789822765.297	1789822775.163	28.1	40
5.5W#p2	py_st	2.939	1789822778.194	1789822781.133	15.0	2
5.5W#p2	sha_st	4.815	1789822784.161	1789822788.976	19.2	2048
5W#p2	zstd_mt	15.404	1789822808.098	1789822823.502	77.0	500
5W#p2	sha_mt	3.733	1789822826.529	1789822830.262	19.2	4096
5W#p2	pdf_mt	5.295	1789822833.329	1789822838.623	26.6	80
5W#p2	pdf_st	9.872	1789822841.660	1789822851.532	28.0	40
5W#p2	py_st	2.985	1789822854.551	1789822857.536	14.9	2
5W#p2	sha_st	4.705	1789822860.556	1789822865.261	19.6	2048
4W#p2	zstd_mt	21.350	1789822882.381	1789822903.731	85.5	500
4W#p2	sha_mt	5.143	1789822906.766	1789822911.909	21.1	4096
4W#p2	pdf_mt	6.738	1789822914.982	1789822921.721	27.2	80
4W#p2	pdf_st	9.799	1789822924.777	1789822934.576	27.9	40
4W#p2	py_st	3.389	1789822937.604	1789822940.993	13.7	2
4W#p2	sha_st	4.872	1789822944.022	1789822948.893	19.5	2048
12W#p3	zstd_mt	6.833	1789822966.070	1789822972.903	79.7	500
12W#p3	sha_mt	1.767	1789822975.930	1789822977.697	20.7	4096
12W#p3	pdf_mt	3.481	1789822980.767	1789822984.248	33.6	80
12W#p3	pdf_st	9.813	1789822987.317	1789822997.130	28.4	40
12W#p3	py_st	2.928	1789823000.160	1789823003.088	15.1	2
12W#p3	sha_st	4.774	1789823006.119	1789823010.892	27.7	2048
7W#p3	zstd_mt	10.436	1789823044.076	1789823054.512	72.7	500
7W#p3	sha_mt	2.637	1789823057.556	1789823060.193	18.8	4096
7W#p3	pdf_mt	4.055	1789823063.247	1789823067.303	28.1	80
7W#p3	pdf_st	9.864	1789823070.359	1789823080.222	28.5	40
7W#p3	py_st	2.946	1789823083.253	1789823086.199	15.3	2
7W#p3	sha_st	4.735	1789823089.230	1789823093.965	19.3	2048
7.5W#p3	zstd_mt	10.021	1789823115.109	1789823125.130	74.7	500
7.5W#p3	sha_mt	2.445	1789823128.155	1789823130.600	18.6	4096
7.5W#p3	pdf_mt	3.846	1789823133.668	1789823137.514	28.5	80
7.5W#p3	pdf_st	9.836	1789823140.572	1789823150.408	27.6	40
7.5W#p3	py_st	2.923	1789823153.439	1789823156.362	15.4	2
7.5W#p3	sha_st	4.776	1789823159.394	1789823164.170	19.6	2048
9W#p3	zstd_mt	8.353	1789823183.294	1789823191.647	74.2	500
9W#p3	sha_mt	2.147	1789823194.672	1789823196.820	19.0	4096
9W#p3	pdf_mt	3.480	1789823199.874	1789823203.354	30.4	80
9W#p3	pdf_st	9.788	1789823206.393	1789823216.181	28.6	40
9W#p3	py_st	2.927	1789823219.200	1789823222.126	15.0	2
9W#p3	sha_st	4.858	1789823225.147	1789823230.005	19.5	2048
6.5W#p3	zstd_mt	11.344	1789823251.139	1789823262.483	73.3	500
6.5W#p3	sha_mt	2.846	1789823265.515	1789823268.361	18.8	4096
6.5W#p3	pdf_mt	4.257	1789823271.429	1789823275.686	27.7	80
6.5W#p3	pdf_st	9.806	1789823278.737	1789823288.543	28.5	40
6.5W#p3	py_st	2.975	1789823291.569	1789823294.544	15.1	2
6.5W#p3	sha_st	4.764	1789823297.572	1789823302.336	19.5	2048
10W#p3	zstd_mt	7.662	1789823323.471	1789823331.134	75.5	500
10W#p3	sha_mt	1.949	1789823334.158	1789823336.108	19.5	4096
10W#p3	pdf_mt	3.402	1789823339.163	1789823342.565	31.9	80
10W#p3	pdf_st	9.870	1789823345.608	1789823355.478	27.8	40
10W#p3	py_st	2.931	1789823358.500	1789823361.431	15.0	2
10W#p3	sha_st	4.741	1789823364.450	1789823369.191	19.6	2048
8W#p3	zstd_mt	9.354	1789823392.352	1789823401.707	74.6	500
8W#p3	sha_mt	2.266	1789823404.738	1789823407.004	18.4	4096
8W#p3	pdf_mt	3.618	1789823410.075	1789823413.693	28.8	80
8W#p3	pdf_st	9.795	1789823416.749	1789823426.544	28.7	40
8W#p3	py_st	2.938	1789823429.575	1789823432.513	15.2	2
8W#p3	sha_st	4.725	1789823435.543	1789823440.267	19.1	2048
5.5W#p3	zstd_mt	13.780	1789823461.407	1789823475.187	75.6	500
5.5W#p3	sha_mt	3.341	1789823478.212	1789823481.553	18.9	4096
5.5W#p3	pdf_mt	4.764	1789823484.618	1789823489.382	26.4	80
5.5W#p3	pdf_st	9.833	1789823492.438	1789823502.271	27.7	40
5.5W#p3	py_st	2.916	1789823505.304	1789823508.220	14.9	2
5.5W#p3	sha_st	4.842	1789823511.252	1789823516.093	19.8	2048
6W#p3	zstd_mt	12.270	1789823533.218	1789823545.487	73.3	500
6W#p3	sha_mt	3.025	1789823548.522	1789823551.546	18.6	4096
6W#p3	pdf_mt	4.555	1789823554.623	1789823559.177	27.5	80
6W#p3	pdf_st	9.869	1789823562.234	1789823572.103	28.4	40
6W#p3	py_st	2.950	1789823575.134	1789823578.084	15.0	2
6W#p3	sha_st	4.731	1789823581.110	1789823585.841	19.6	2048
5W#p3	zstd_mt	15.684	1789823602.971	1789823618.655	78.3	500
5W#p3	sha_mt	3.802	1789823621.681	1789823625.484	19.5	4096
5W#p3	pdf_mt	5.115	1789823628.545	1789823633.660	25.8	80
5W#p3	pdf_st	9.790	1789823636.698	1789823646.488	28.2	40
5W#p3	py_st	2.983	1789823649.507	1789823652.490	14.8	2
5W#p3	sha_st	4.848	1789823655.510	1789823660.358	19.3	2048
4W#p3	zstd_mt	21.272	1789823677.468	1789823698.740	85.2	500
4W#p3	sha_mt	5.181	1789823701.766	1789823706.947	21.4	4096
4W#p3	pdf_mt	6.837	1789823710.007	1789823716.843	27.5	80
4W#p3	pdf_st	9.886	1789823719.883	1789823729.769	28.5	40
4W#p3	py_st	3.394	1789823732.788	1789823736.182	13.7	2
4W#p3	sha_st	4.763	1789823739.202	1789823743.965	19.0	2048
