1789816285.504040	23514047897	7250906974	64318988	3517000	24070000	7532000	33000	2076153	0	2901104	0
1789816286.012018	23514633039	7251093497	64323077	3517000	24070000	7532000	33000	1064019	0	1600000	0
1789816286.517976	23515012067	7251209159	64325030	3508000	24060000	7512000	32000	780745	0	1438349	0
1789816287.027066	23515336712	7251240469	64325030	3508000	24060000	7512000	32000	593158	0	1194189	0
1789816287.534079	23515545635	7251250723	64326251	3508000	24060000	7512000	32000	816749	0	1534157	0
1789816288.044412	23515856242	7251273306	64327838	3508000	24060000	7512000	32000	811022	0	1442249	0
1789816288.550304	23516020548	7251280386	64327838	3519000	24060000	7537000	32000	872483	0	1474331	0
1789816289.059800	23516267373	7251296927	64327838	3519000	24060000	7537000	32000	1350267	0	1401487	0
1789816289.566505	23516432229	7251303763	64327838	3519000	24060000	7537000	32000	1121161	0	1476764	0
1789816290.074747	23516718056	7251315237	64327838	3519000	24060000	7537000	32000	550000	0	1600000	0
1789816290.580316	23516868995	7251321097	64327838	3519000	24060000	7536000	32000	881341	0	1453956	0
1789816291.090122	23517242285	7251349844	64327838	3519000	24060000	7536000	32000	1004114	0	1459407	0
1789816291.596216	23517411597	7251355581	64327838	3519000	24060000	7536000	32000	656648	0	1474935	0
1789816292.105924	23517671361	7251381643	64327838	3519000	24060000	7536000	32000	631128	0	1442012	0
1789816292.612410	23517881261	7251396475	64327838	3516000	24050000	7531000	32000	665264	0	1545292	0
1789816293.122491	23518135411	7251411612	64327838	3516000	24050000	7531000	32000	686646	0	1600000	0
1789816293.628032	23518382419	7251418142	64327838	3516000	24050000	7531000	32000	621345	0	1500000	0
1789816294.138417	23518946139	7251598318	64327838	3516000	24050000	7531000	32000	1288832	0	2097453	0
1789816294.644293	23519213289	7251634450	64327838	3514000	24050000	7525000	32000	745358	0	1470251	0
1789816295.155887	23519422517	7251651601	64327838	3514000	24050000	7525000	32000	783123	0	1477338	0
1789816295.662552	23519611786	7251659109	64327838	3514000	24050000	7525000	32000	798206	0	1573730	0
1789816296.173273	23519805878	7251672719	64327838	3514000	24050000	7525000	32000	931403	0	1500016	0
1789816296.678285	23520032562	7251679799	64327838	3514000	24050000	7525000	32000	890218	0	1500000	0
1789816297.188065	23520216643	7251691823	64327838	3514000	24050000	7525000	32000	947700	0	1600191	0
1789816297.693936	23520413176	7251700490	64327838	3518000	24050000	7535000	32000	794649	0	1490889	0
1789816298.204254	23520672819	7251717885	64327838	3518000	24050000	7535000	32000	864307	0	1419337	0
1789816298.709882	23520858975	7251724843	64327838	3518000	24050000	7535000	32000	614925	0	1500000	0
1789816299.220428	23521056790	7251739736	64327838	3518000	24050000	7535000	32000	755727	0	1458451	0
1789816299.727062	23521226711	7251746511	64327838	3519000	24040000	7537000	32000	782692	0	1444000	0
1789816300.236071	23521419094	7251762197	64327838	3519000	24040000	7537000	32000	1107040	0	1445190	0
1789816300.742926	23521602687	7251771352	64327838	3519000	24040000	7537000	32000	651401	0	1510974	0
1789816301.256807	23521924097	7251790578	64327838	3519000	24040000	7537000	32000	1068420	0	1467437	0
1789816301.764007	23522220971	7251812917	64327838	3517000	24040000	7532000	32000	844775	0	1540914	0
1789816302.277040	23522636193	7251842275	64327838	3517000	24040000	7532000	32000	618254	0	1545944	0
1789816302.786090	23522809349	7251848195	64327838	3517000	24040000	7532000	32000	662524	0	1599981	0
1789816303.298797	23523025962	7251863576	64327838	3517000	24040000	7532000	32000	652018	0	1515943	0
1789816303.807003	23523209922	7251871205	64327838	3519000	24030000	7536000	32000	651618	0	1512781	0
1789816304.319917	23523899373	7252049672	64327838	3519000	24030000	7536000	32000	764639	0	1529727	0
1789816304.827830	23524105793	7252055897	64327838	3519000	24030000	7536000	32000	801241	0	1599979	0
1789816305.340581	23524355121	7252070912	64327838	3519000	24030000	7536000	32000	691515	0	1600227	0
1789816305.848801	23525175920	7252427966	64329547	3519000	24030000	7536000	32000	1096896	0	2292395	0
1789816306.359189	23527362011	7254072860	64329547	3519000	24030000	7536000	32000	1560626	0	3015266	0
1789816306.863013	23529675786	7255880594	64331561	3519000	24030000	7536000	42000	1073230	0	3060844	0
1789816307.373024	23531877624	7257605932	64333697	3519000	24030000	7536000	42000	912176	0	3030006	0
1789816307.878441	23534118524	7259302949	64335528	3519000	24030000	7536000	42000	1698606	0	3040296	0
1789816308.387499	23536344043	7261035305	64336444	3519000	24030000	7536000	42000	912527	0	3100000	0
1789816308.892817	23538499555	7262731163	64337298	3506000	24030000	7508000	43000	1368903	0	2970293	0
1789816309.400841	23540710609	7264460223	64338275	3506000	24030000	7508000	43000	1064057	0	3015979	0
1789816309.906202	23542872530	7266161696	64338275	3506000	24030000	7508000	43000	937332	0	3100000	0
1789816310.416002	23545027798	7267861643	64338275	3506000	24030000	7508000	43000	899150	0	3021688	0
1789816310.921126	23547181174	7269557500	64338275	3506000	24020000	7509000	42000	920849	0	3099968	0
1789816311.430931	23549342728	7271257142	64338275	3506000	24020000	7509000	42000	900029	0	3055402	0
1789816311.935916	23551532115	7272985226	64338275	3506000	24020000	7509000	43000	1115446	0	2993501	0
1789816312.444460	23553681096	7274681205	64338275	3506000	24020000	7509000	43000	1100023	0	3100031	0
1789816312.950019	23555883056	7276377185	64338275	3506000	24010000	7509000	43000	902561	0	3020245	0
1789816313.457818	23558042413	7278079268	64338275	3506000	24010000	7509000	43000	908946	0	3100000	0
1789816313.962475	23560193714	7279782511	64338275	3506000	24010000	7509000	43000	925028	0	3100000	0
1789816314.470835	23562802227	7281727025	64338275	3506000	24010000	7509000	43000	886675	0	2901326	0
1789816314.976437	23564997107	7283448517	64338275	3504000	24010000	7504000	43000	925618	0	3061357	0
1789816315.484778	23567179963	7285166530	64338275	3504000	24010000	7504000	43000	975631	0	2894433	0
1789816315.989768	23569362574	7286880637	64338275	3504000	24010000	7504000	43000	1157489	0	3078833	0
1789816316.500498	23571529378	7288579241	64338275	3504000	24010000	7504000	43000	900358	0	3050814	0
1789816317.005601	23573710342	7290287550	64338275	3505000	24000000	7507000	44000	1774346	0	2962713	0
1789816317.512950	23575888009	7291988107	64338275	3505000	24000000	7507000	44000	895317	0	3032413	0
1789816318.018012	23578094303	7293705876	64338275	3505000	24000000	7507000	44000	1210724	0	3005941	0
1789816318.526215	23580261472	7295396240	64338275	3505000	24000000	7507000	44000	903767	0	3055370	0
1789816319.031832	23582422111	7297101253	64338275	3505000	24000000	7507000	44000	905659	0	3031236	0
1789816319.540799	23584586412	7298811026	64338275	3505000	24000000	7507000	44000	1082048	0	3099968	0
1789816320.046493	23586792950	7300545763	64338275	3506000	24000000	7508000	44000	1069959	0	3000786	0
1789816320.555567	23588946997	7302249189	64338275	3506000	24000000	7508000	44000	911534	0	3099968	0
1789816321.060553	23591112519	7303953225	64338275	3506000	24000000	7508000	44000	1084100	0	3047783	0
1789816321.570272	23593271998	7305652684	64338275	3506000	24000000	7508000	44000	905877	0	3099968	0
1789816322.075530	23595455647	7307379791	64338275	3503000	23990000	7503000	44000	1180846	0	2993774	0
1789816322.584436	23597617080	7309084987	64338275	3503000	23990000	7503000	44000	910441	0	3100000	0
1789816323.090253	23599805245	7310816855	64338275	3503000	23990000	7503000	44000	901127	0	3008650	0
1789816323.598912	23602047671	7312527666	64338275	3503000	23990000	7503000	44000	1054782	0	2859320	0
1789816324.104823	23604561581	7314450635	64338275	3498000	23990000	7492000	44000	1607368	0	3098543	0
1789816324.612836	23606730154	7316156990	64338275	3498000	23990000	7492000	44000	1169860	0	3098075	0
1789816325.115723	23608923264	7317884220	64338275	3498000	23990000	7492000	44000	873487	0	3051510	0
1789816325.621439	23611054484	7319568175	64338275	3498000	23990000	7492000	44000	891862	0	3078888	0
1789816326.125027	23613190099	7321254511	64338275	3504000	23980000	7504000	45000	929224	0	2910516	0
1789816326.631618	23615365508	7322934317	64338275	3504000	23980000	7504000	45000	900824	0	3099968	0
1789816327.135922	23617545618	7324644762	64338275	3504000	23980000	7504000	44000	980408	0	3100000	0
1789816327.643542	23619686786	7326333722	64338275	3504000	23980000	7504000	44000	731121	0	3048971	0
1789816328.147397	23621838758	7328028664	64338275	3504000	23980000	7504000	45000	803939	0	2973472	0
1789816328.654104	23623969368	7329709629	64338275	3504000	23980000	7504000	45000	970145	0	3099968	0
1789816329.158651	23626182436	7331411468	64338275	3504000	23980000	7504000	45000	997976	0	3100000	0
1789816329.665289	23628319333	7333098170	64338275	3504000	23980000	7504000	45000	737496	0	3099969	0
1789816330.168956	23630458060	7334782858	64338275	3504000	23980000	7504000	45000	977304	0	3100000	0
1789816330.675675	23632606431	7336471697	64338275	3504000	23980000	7504000	45000	1570623	0	3052796	0
1789816331.179470	23635067118	7338306470	64338275	3505000	23970000	7507000	45000	962004	0	3005727	0
1789816331.685554	23637550510	7340113228	64338275	3505000	23970000	7507000	45000	1351297	0	3100031	0
1789816332.189150	23639722258	7341825565	64338275	3505000	23970000	7507000	45000	968367	0	3099968	0
1789816332.695704	23641844322	7343500731	64338275	3505000	23970000	7507000	45000	1131320	0	3100030	0
1789816333.199270	23643985186	7345195490	64338275	3505000	23960000	7506000	45000	930263	0	3100031	0
1789816333.706882	23646171460	7346900015	64338275	3505000	23960000	7506000	45000	1176345	0	3099968	0
1789816334.210774	23648787603	7348862351	64338275	3505000	23960000	7506000	45000	975664	0	3100000	0
1789816334.718043	23650963623	7350548870	64338275	3505000	23960000	7506000	45000	1097335	0	3100000	0
1789816335.221861	23653117243	7352246681	64338275	3500000	23960000	7496000	45000	1108919	0	3100000	0
1789816335.728862	23655277271	7353955172	64338275	3500000	23960000	7496000	45000	787276	0	3020269	0
1789816336.232976	23657070297	7354928070	64339862	3500000	23960000	7496000	37000	1850984	0	2200391	0
1789816336.741947	23660643835	7357307337	64342425	3500000	23960000	7496000	37000	1587609	0	1700272	0
1789816337.248965	23663652799	7359412373	64342425	3495000	23960000	7484000	38000	1696994	0	1800284	0
1789816337.757968	23666670003	7361468154	64344500	3495000	23960000	7484000	38000	1812616	0	1900285	0
1789816338.262775	23669737073	7363589974	64346270	3495000	23960000	7484000	38000	1505741	0	1600237	0
1789816338.774668	23672737676	7365678897	64347247	3495000	23960000	7484000	38000	1781130	0	1900334	0
1789816339.278970	23675755979	7367807493	64348223	3494000	23950000	7483000	38000	1800115	0	1900268	0
1789816339.790948	23678861501	7369994926	64349749	3494000	23950000	7483000	38000	1490077	0	1600200	0
1789816340.295521	23681833722	7372042895	64349749	3494000	23950000	7483000	39000	1691714	0	1800267	0
1789816340.805967	23684875157	7374172955	64349749	3494000	23950000	7483000	39000	1731342	0	1800266	0
1789816341.310625	23687888577	7376257972	64349749	3494000	23950000	7483000	39000	1698002	0	1800273	0
1789816341.819714	23690938191	7378357637	64349749	3494000	23950000	7483000	39000	1672792	0	1800240	0
1789816342.327982	23693965527	7380485500	64349749	3496000	23940000	7487000	39000	1701433	0	1800278	0
1789816342.837974	23697042179	7382638693	64349749	3496000	23940000	7487000	39000	1525903	0	1600262	0
1789816343.344697	23700048092	7384645218	64349749	3496000	23940000	7487000	39000	1598082	0	1700252	0
1789816343.852953	23703071155	7386747386	64349749	3496000	23940000	7487000	39000	1686185	0	1800279	0
1789816344.359966	23706102154	7388763372	64349749	3492000	23930000	7478000	39000	1684412	0	1800266	0
1789816344.868901	23709131199	7390878357	64349749	3492000	23930000	7478000	39000	1701880	0	1800268	0
1789816345.377824	23712175929	7393018305	64349749	3492000	23930000	7478000	39000	1699596	0	1800244	0
1789816345.887523	23715219684	7395144581	64349749	3492000	23930000	7478000	39000	1674575	0	1800269	0
1789816346.392953	23718248546	7397296797	64349749	3494000	23930000	7483000	39000	1604337	0	1700245	0
1789816346.903687	23721320010	7399459633	64349749	3494000	23930000	7483000	39000	1484513	0	1500233	0
1789816347.408976	23724309626	7401579257	64349749	3494000	23930000	7483000	40000	1632946	0	1700271	0
1789816347.919961	23727378527	7403781400	64349749	3494000	23930000	7483000	40000	1547486	0	1600229	0
1789816348.423962	23730359355	7405926353	64349749	3493000	23920000	7481000	40000	1700089	0	1800197	0
1789816348.932869	23733428194	7408100908	64349749	3493000	23920000	7481000	40000	1514789	0	1600257	0
1789816349.440950	23736436549	7410260692	64349749	3493000	23920000	7481000	40000	1650101	0	1700226	0
1789816349.947959	23739479571	7412447881	64349749	3493000	23920000	7481000	40000	1510275	0	1600287	0
1789816350.453553	23742464975	7414565491	64349749	3492000	23920000	7478000	40000	1687381	0	1800292	0
1789816350.964543	23745536013	7416765192	64349749	3492000	23920000	7478000	40000	1591163	0	1700261	0
1789816351.469958	23748544367	7418855763	64349749	3492000	23920000	7478000	40000	1683276	0	1800295	0
1789816351.979959	23751592699	7421025618	64349749	3492000	23920000	7478000	40000	1643822	0	1700183	0
1789816352.484947	23754595254	7423155557	64349749	3492000	23920000	7478000	40000	1704749	0	1800310	0
1789816352.996961	23757672090	7425315891	64349749	3492000	23920000	7478000	40000	1589046	0	1700212	0
1789816353.502734	23760673791	7427460660	64349749	3493000	23910000	7480000	40000	1682351	0	1800230	0
1789816354.011692	23763716508	7429637046	64349749	3493000	23910000	7480000	40000	1588300	0	1700274	0
1789816354.514958	23766712533	7431673723	64349749	3493000	23910000	7480000	40000	1665849	0	1751793	0
1789816355.023965	23769752747	7433837170	64349749	3493000	23910000	7480000	40000	1698028	0	1800299	0
1789816355.531904	23772777398	7435980475	64349749	3493000	23900000	7481000	40000	1732825	0	1800234	0
1789816356.039779	23775791672	7438106568	64349749	3493000	23900000	7481000	40000	1830334	0	1892507	0
1789816356.546432	23778801247	7440250606	64349749	3493000	23900000	7481000	41000	1835751	0	1900273	0
1789816357.084403	23782040741	7442539479	64349749	3493000	23900000	7481000	41000	1747376	0	1800222	0
1789816357.589975	23785051353	7444721114	64349749	3494000	23890000	7482000	41000	1812613	0	1900290	0
1789816358.099556	23788103286	7446916177	64349749	3494000	23890000	7482000	41000	1695622	0	1800346	0
1789816358.604909	23791106636	7449040744	64349749	3494000	23890000	7482000	41000	1800760	0	1900294	0
1789816359.112882	23794136108	7451193388	64349749	3494000	23890000	7482000	41000	1784356	0	1800332	0
1789816359.618546	23797151542	7453348351	64349749	3494000	23890000	7483000	41000	1807018	0	1900333	0
1789816360.127278	23800189742	7455524676	64349749	3494000	23890000	7483000	41000	1762322	0	1867758	0
1789816360.633115	23803211829	7457705029	64349749	3494000	23890000	7483000	42000	1773308	0	1866235	0
1789816361.141791	23806250213	7459884283	64349749	3494000	23890000	7483000	42000	1746093	0	1800271	0
1789816361.646571	23809261924	7462063599	64349749	3493000	23880000	7481000	41000	1791790	0	1900384	0
1789816362.155284	23812302382	7464160335	64349749	3493000	23880000	7481000	41000	1745340	0	1823563	0
1789816362.660699	23815284430	7466320241	64349749	3493000	23880000	7481000	41000	1726851	0	1994114	0
1789816363.169185	23818329710	7468504989	64349749	3493000	23880000	7481000	41000	1657423	0	1900000	0
1789816363.674295	23821339102	7470683084	64349749	3493000	23880000	7481000	41000	1848687	0	1915981	0
1789816364.185814	23824431624	7472774143	64349749	3493000	23880000	7481000	41000	1771204	0	1900356	0
1789816364.690357	23827368201	7474847441	64349749	3494000	23870000	7482000	42000	1640732	0	2100000	0
1789816365.198748	23830405607	7477056847	64349749	3494000	23870000	7482000	42000	1799600	0	2070426	0
1789816365.702479	23833472738	7479196795	64349749	3494000	23870000	7482000	42000	1476524	0	2099928	0
1789816366.209962	23836518873	7481186719	64349749	3494000	23870000	7482000	42000	1670075	0	2200282	0
1789816366.713875	23839553899	7483133919	64349749	3493000	23870000	7480000	42000	1652953	0	2300250	0
1789816367.222165	23842574766	7485088015	64349749	3493000	23870000	7480000	42000	1454695	0	2299815	0
1789816367.726862	23845572378	7487023557	64349749	3493000	23870000	7480000	42000	1481483	0	2300138	0
1789816368.233973	23848607099	7489018303	64349749	3493000	23870000	7480000	42000	1463206	0	2297066	0
1789816368.738663	23851606420	7490982654	64349749	3492000	23860000	7479000	42000	1521290	0	2298142	0
1789816369.245506	23854603971	7493021833	64349749	3492000	23860000	7479000	42000	1280871	0	2000125	0
1789816369.751409	23857607015	7495091469	64349749	3492000	23860000	7479000	42000	1322978	0	1900019	0
1789816370.260564	23860609326	7497201693	64349749	3492000	23860000	7479000	42000	1407437	0	2129733	0
1789816370.766730	23863668950	7499307217	64349749	3492000	23860000	7479000	42000	1288876	0	1900019	0
1789816371.275057	23866700802	7501386191	64349749	3492000	23860000	7479000	42000	1337523	0	2000000	0
1789816371.779057	23869712636	7503428606	64349749	3492000	23860000	7479000	42000	1470488	0	1960868	0
1789816372.286534	23872739483	7505423535	64349749	3492000	23860000	7479000	42000	1319623	0	1900019	0
1789816372.791261	23875726780	7507469184	64349749	3491000	23850000	7477000	43000	1381470	0	2014416	0
1789816373.300641	23878787930	7509496095	64349749	3491000	23850000	7477000	43000	1493915	0	1900019	0
1789816373.804996	23881806782	7511485287	64349749	3491000	23850000	7477000	43000	1315670	0	1900019	0
1789816374.312717	23884825817	7513518607	64349749	3491000	23850000	7477000	43000	1362228	0	2000110	0
1789816374.818297	23887843693	7515531907	64349749	3491000	23850000	7477000	43000	1350027	0	2000020	0
1789816375.327463	23890890621	7517540752	64349749	3491000	23850000	7477000	43000	1482343	0	1899980	0
1789816375.832909	23893881824	7519532446	64349749	3492000	23840000	7479000	43000	1386662	0	2063835	0
1789816376.342848	23896933391	7521654816	64349749	3492000	23840000	7479000	43000	1880352	0	2000000	0
1789816376.847125	23899924228	7523645717	64349749	3492000	23840000	7479000	43000	1236974	0	2131937	0
1789816377.354782	23902915615	7525309775	64349749	3492000	23840000	7479000	43000	1680952	0	2300000	0
1789816377.860263	23905936969	7526768573	64349749	3494000	23830000	7482000	42000	1277306	0	2262590	0
1789816378.368784	23908967052	7528281813	64349749	3494000	23830000	7482000	42000	1499716	0	2300023	0
1789816378.875712	23911994449	7529755443	64349749	3494000	23830000	7482000	42000	1360314	0	2299090	0
1789816379.386150	23915044795	7531248725	64349749	3494000	23830000	7482000	42000	1279573	0	2300000	0
1789816379.890972	23918057727	7532714419	64349749	3494000	23830000	7482000	42000	1463040	0	2300000	0
1789816380.399638	23920661175	7533897278	64349932	3494000	23830000	7482000	42000	1214255	0	2891642	0
1789816380.903923	23923153173	7534997372	64349932	3494000	23830000	7482000	42000	1779064	0	2717819	0
1789816381.410551	23925399383	7535972773	64349932	3494000	23830000	7482000	42000	1893443	0	3029089	0
1789816381.914932	23929024129	7538393116	64349932	3499000	23820000	7494000	42000	1550096	0	1600234	0
1789816382.424940	23932041089	7540530134	64349932	3499000	23820000	7494000	42000	1712610	0	1800269	0
1789816382.931953	23935061101	7542647805	64349932	3499000	23820000	7494000	43000	1712599	0	1800216	0
1789816383.440938	23938080014	7544773409	64349932	3499000	23820000	7494000	43000	1850122	0	1900299	0
1789816383.947959	23941124806	7546912076	64349932	3493000	23810000	7480000	43000	1792585	0	1900261	0
1789816384.456964	23944165265	7548925437	64349932	3493000	23810000	7480000	43000	1743658	0	1800286	0
1789816384.961954	23947201939	7551055864	64349932	3493000	23810000	7480000	43000	1588033	0	1700212	0
1789816385.470951	23950219021	7553193859	64349932	3493000	23810000	7480000	43000	1696846	0	1800226	0
1789816385.976963	23953240315	7555332587	64349932	3493000	23810000	7480000	43000	1696202	0	1800265	0
1789816386.489580	23956297070	7557481934	64349932	3493000	23810000	7480000	43000	1697346	0	1800271	0
1789816386.994963	23959325443	7559625544	64349932	3492000	23810000	7479000	43000	1685382	0	1800268	0
1789816387.504957	23962366634	7561790639	64349932	3492000	23810000	7479000	43000	1687823	0	1800285	0
1789816388.009552	23965386707	7563918502	64349932	3492000	23810000	7479000	43000	1626525	0	1700265	0
1789816388.519958	23968423137	7566072244	64349932	3492000	23810000	7479000	43000	1699294	0	1800295	0
1789816389.023960	23971440280	7568204746	64349932	3491000	23800000	7476000	43000	1687453	0	1800308	0
1789816389.534951	23974487697	7570376127	64349932	3491000	23800000	7476000	43000	1694523	0	1800261	0
1789816390.042606	23977526569	7572425438	64349932	3491000	23800000	7476000	43000	1590455	0	1700255	0
1789816390.550976	23980557139	7574586688	64349932	3491000	23800000	7476000	43000	1642985	0	1700284	0
1789816391.056966	23983576724	7576747754	64349932	3491000	23800000	7476000	43000	1650125	0	1700270	0
1789816391.568622	23986630183	7578924079	64349932	3491000	23800000	7476000	43000	1595751	0	1700264	0
1789816392.073890	23989643603	7581071656	64349932	3491000	23800000	7476000	43000	1626290	0	1700295	0
1789816392.582947	23992683085	7583214961	64349932	3491000	23800000	7476000	43000	1626923	0	1700295	0
1789816393.088954	23995719210	7585364126	64349932	3492000	23790000	7479000	43000	1530393	0	1600253	0
1789816393.599789	23998741907	7587502121	64349932	3492000	23790000	7479000	43000	1660658	0	1800225	0
1789816394.105935	24001817461	7589567911	64349932	3492000	23790000	7479000	43000	1384641	0	1500187	0
1789816394.614954	24004800363	7591644078	64349932	3492000	23790000	7479000	43000	1700127	0	1800270	0
1789816395.122854	24007836733	7593781219	64349932	3492000	23780000	7479000	43000	1667403	0	1800260	0
1789816395.630538	24010859735	7595890954	64349932	3492000	23780000	7479000	43000	1712619	0	1800264	0
1789816396.134969	24013883775	7597958942	64349932	3492000	23780000	7479000	43000	1684162	0	1800224	0
1789816396.646951	24016943826	7600037977	64349932	3492000	23780000	7479000	43000	1633517	0	1700256	0
1789816397.153939	24019967378	7602170846	64349932	3492000	23780000	7479000	43000	1689611	0	1800213	0
1789816397.661902	24022989282	7604284304	64349932	3492000	23780000	7479000	43000	1689268	0	1800264	0
1789816398.167922	24026008317	7606388913	64349932	3491000	23780000	7477000	43000	1647039	0	1700252	0
1789816398.676959	24029058114	7608536186	64349932	3491000	23780000	7477000	43000	1636792	0	1700241	0
1789816399.181770	24032067078	7610667528	64349932	3491000	23780000	7477000	43000	1693140	0	1800337	0
1789816399.692955	24035114800	7612837932	64349932	3491000	23780000	7477000	43000	1682835	0	1800237	0
1789816400.197647	24038131638	7614974280	64349932	3492000	23770000	7479000	43000	1678040	0	1800236	0
1789816400.707909	24041184975	7617122589	64349932	3492000	23770000	7479000	43000	1586392	0	1700216	0
1789816401.212074	24044181610	7619153407	64349932	3492000	23770000	7479000	43000	1699664	0	1801734	0
1789816401.720698	24047205895	7621269185	64349932	3492000	23770000	7479000	43000	1742547	0	1800576	0
1789816402.225253	24050218521	7623396743	64349932	3491000	23760000	7476000	43000	1773572	0	1900263	0
1789816402.733770	24053243904	7625542795	64349932	3491000	23760000	7476000	43000	1753993	0	1808617	0
1789816403.237999	24056272522	7627664188	64349932	3491000	23760000	7476000	44000	1694344	0	1800232	0
1789816403.746503	24059277092	7629726317	64349932	3491000	23760000	7476000	44000	1759719	0	1800284	0
1789816404.250976	24062346969	7631782037	64349932	3491000	23750000	7477000	43000	1583679	0	1700279	0
1789816404.761326	24065342811	7633891834	64349932	3491000	23750000	7477000	43000	1749799	0	1800283	0
1789816405.267067	24068363128	7636021040	64349932	3491000	23750000	7477000	44000	1829571	0	1900288	0
1789816405.776085	24071407432	7638160805	64349932	3491000	23750000	7477000	44000	1732311	0	1800332	0
1789816406.281100	24074417373	7640224276	64349932	3492000	23750000	7478000	44000	1789537	0	1900264	0
1789816406.791968	24077468818	7642312161	64349932	3492000	23750000	7478000	44000	1803445	0	1900226	0
1789816407.296263	24080477416	7644430686	64349932	3492000	23750000	7478000	44000	1747462	0	1858111	0
1789816407.804801	24083507315	7646580461	64349932	3492000	23750000	7478000	44000	1889375	0	2000290	0
1789816408.309056	24086523726	7648711315	64349932	3492000	23750000	7478000	44000	1826575	0	1900294	0
1789816408.818073	24089569739	7650879339	64349932	3492000	23750000	7478000	44000	1778669	0	1901678	0
1789816409.323050	24092581267	7653002502	64349932	3490000	23740000	7475000	44000	1796080	0	1900259	0
1789816409.831975	24095613058	7655149348	64349932	3490000	23740000	7475000	44000	1769845	0	1813068	0
1789816410.336715	24098622389	7657257374	64349932	3490000	23740000	7475000	44000	1806747	0	1900308	0
1789816410.844953	24101666265	7659362166	64349932	3490000	23740000	7475000	44000	1787328	0	1900257	0
1789816411.350444	24104674192	7661455118	64349932	3490000	23740000	7474000	44000	1834522	0	1900240	0
1789816411.859318	24107716116	7663606601	64349932	3490000	23740000	7474000	44000	1749088	0	1800287	0
1789816412.365072	24110749433	7665690214	64349932	3490000	23740000	7474000	44000	1779202	0	1900306	0
1789816412.873460	24113782812	7667853783	64349932	3490000	23740000	7474000	44000	1684399	0	1800268	0
1789816413.378845	24116791898	7670014727	64349932	3492000	23730000	7478000	44000	1781756	0	1900230	0
1789816413.889249	24119833089	7672171826	64349932	3492000	23730000	7478000	44000	1759197	0	1852985	0
1789816414.395442	24122865064	7674201728	64349932	3492000	23730000	7478000	44000	1777030	0	1901356	0
1789816414.903676	24125890202	7676354127	64349932	3492000	23730000	7478000	44000	1776458	0	1900193	0
1789816415.408066	24128906430	7678491573	64349932	3491000	23720000	7476000	44000	1779260	0	1900236	0
1789816415.917004	24131919240	7680619558	64349932	3491000	23720000	7476000	44000	1885188	0	2000331	0
1789816416.422319	24134905804	7682690964	64349932	3491000	23720000	7476000	45000	1804614	0	2098156	0
1789816416.930748	24138040318	7684806742	64349932	3491000	23720000	7476000	45000	2085222	0	2800615	0
1789816417.436024	24141061428	7686819677	64349932	3491000	23720000	7476000	44000	2122135	0	2899770	0
1789816417.944079	24143993916	7688721466	64349932	3491000	23720000	7476000	44000	1351296	0	2000000	0
1789816418.450682	24147001782	7690738490	64349932	3491000	23720000	7476000	45000	1580618	0	2100000	0
1789816418.959941	24150073978	7692788289	64349932	3491000	23720000	7476000	45000	1476988	0	1900019	0
1789816419.464882	24153045650	7694828628	64349932	3491000	23720000	7476000	45000	1380331	0	2045939	0
1789816419.973206	24156125293	7696915110	64349932	3491000	23720000	7476000	45000	1307959	0	1900000	0
1789816420.477811	24159134136	7698946721	64349932	3490000	23710000	7475000	45000	1326953	0	1972710	0
1789816420.986959	24162140781	7700990783	64349932	3490000	23710000	7475000	45000	1375662	0	2052543	0
1789816421.492523	24165142482	7703135248	64349932	3490000	23710000	7475000	45000	1396657	0	2100021	0
1789816422.000582	24168163227	7705198658	64349932	3490000	23710000	7475000	45000	1295375	0	2200000	0
1789816422.505297	24171188976	7707094710	64349932	3491000	23700000	7476000	46000	1040702	0	2125618	0
1789816423.014588	24174195499	7708691508	64349932	3491000	23700000	7476000	46000	1062795	0	2302070	0
1789816423.518191	24177108211	7710126807	64349932	3491000	23700000	7476000	47000	1158747	0	2900000	0
1789816424.027979	24179757801	7711387485	64349932	3491000	23700000	7476000	47000	2361279	0	2815386	0
1789816424.534946	24182528485	7712723053	64349932	3496000	23690000	7487000	46000	1196205	0	2898580	0
1789816425.044633	24185174658	7713979702	64349932	3496000	23690000	7487000	46000	1038238	0	2766808	0
1789816425.550392	24187432281	7714937219	64349932	3496000	23690000	7487000	43000	1546176	0	2400311	0
1789816426.059977	24191014669	7717334918	64349932	3496000	23690000	7487000	43000	1690459	0	1800291	0
1789816426.569781	24194035414	7719479810	64349932	3492000	23690000	7478000	45000	1790476	0	1900244	0
1789816427.077960	24197064642	7721605476	64349932	3492000	23690000	7478000	45000	1800139	0	1900294	0
1789816427.584719	24200078855	7723719790	64349932	3492000	23690000	7478000	45000	1821158	0	1900238	0
1789816428.095957	24203131643	7725859494	64349932	3492000	23690000	7478000	45000	1793480	0	1900178	0
1789816428.599801	24206150129	7728005484	64349932	3492000	23680000	7478000	45000	1800133	0	1900320	0
1789816429.107958	24209187047	7730091416	64349932	3492000	23680000	7478000	45000	1721582	0	1800292	0
1789816429.613935	24212211209	7732237529	64349932	3492000	23680000	7478000	45000	1683495	0	1800210	0
1789816430.122973	24215246114	7734369787	64349932	3492000	23680000	7478000	45000	1730404	0	1800226	0
1789816430.629950	24218277722	7736517731	64349932	3492000	23680000	7478000	45000	1676438	0	1800259	0
1789816431.141649	24221342351	7738684351	64349932	3492000	23680000	7478000	45000	1646960	0	1716527	0
1789816431.646948	24224354672	7740828694	64349932	3490000	23680000	7474000	45000	1671160	0	1800275	0
1789816432.155948	24227382679	7742955641	64349932	3490000	23680000	7474000	45000	1700397	0	1800251	0
1789816432.660947	24230397503	7745095956	64349932	3490000	23680000	7474000	45000	1712594	0	1800219	0
1789816433.168960	24233427464	7747216312	64349932	3490000	23680000	7474000	45000	1745527	0	1800257	0
1789816433.674774	24236448330	7749346555	64349932	3491000	23670000	7477000	45000	1745701	0	1800301	0
1789816434.185998	24239552326	7751421562	64349932	3491000	23670000	7477000	45000	1432815	0	1500223	0
1789816434.690609	24242516552	7753411608	64349932	3491000	23670000	7477000	45000	1706121	0	1800283	0
1789816435.202964	24245660831	7755293683	64349932	3491000	23670000	7477000	45000	1228362	0	1300165	0
1789816435.708952	24248594600	7757320229	64349932	3488000	23660000	7470000	45000	1660668	0	1800301	0
1789816436.217974	24251668750	7759472689	64349932	3488000	23660000	7470000	45000	1483623	0	1600248	0
1789816436.722951	24254658427	7761542996	64349932	3488000	23660000	7470000	45000	1618343	0	1700268	0
1789816437.233957	24257713779	7763696372	64349932	3488000	23660000	7470000	45000	1611705	0	1700218	0
1789816437.737960	24260715297	7765815751	64349932	3489000	23660000	7472000	45000	1627296	0	1700258	0
1789816438.246994	24263806719	7767737011	64349932	3489000	23660000	7472000	45000	1331556	0	1400242	0
1789816438.757962	24266816660	7769831366	64349932	3489000	23660000	7472000	45000	1588209	0	1700257	0
1789816439.266765	24269844119	7771970521	64349932	3489000	23660000	7472000	45000	1639721	0	1700302	0
1789816439.771574	24272855585	7774106624	64349932	3490000	23650000	7474000	45000	1672205	0	1800257	0
1789816440.280590	24275891833	7776171560	64349932	3490000	23650000	7474000	45000	1698490	0	1800260	0
1789816440.787524	24278916788	7778323593	64349932	3490000	23650000	7474000	45000	1682472	0	1800233	0
1789816441.295949	24281955172	7780469644	64349932	3490000	23650000	7474000	45000	1615067	0	1700190	0
1789816441.800955	24284966028	7782611302	64349932	3490000	23650000	7474000	45000	1685473	0	1800231	0
1789816442.308943	24287998674	7784745268	64349932	3490000	23650000	7474000	45000	1645128	0	1700216	0
1789816442.816960	24291025705	7786897729	64349932	3490000	23640000	7475000	45000	1700107	0	1800246	0
1789816443.324951	24294069948	7789037249	64349932	3490000	23640000	7475000	45000	1594946	0	1700199	0
1789816443.830958	24297077081	7791187451	64349932	3490000	23640000	7475000	45000	1703089	0	1800267	0
1789816444.341946	24300162278	7793256660	64349932	3490000	23640000	7475000	45000	1463312	0	1600257	0
1789816444.846958	24303153482	7795372377	64349932	3491000	23640000	7476000	46000	1627676	0	1700250	0
1789816445.356960	24306194489	7797516476	64349932	3491000	23640000	7476000	46000	1643031	0	1700278	0
1789816445.861687	24309175256	7799579520	64349932	3491000	23640000	7476000	46000	1775150	0	1800264	0
1789816446.369667	24312214616	7801709336	64349932	3491000	23640000	7476000	46000	1756857	0	1900323	0
1789816446.876023	24315236886	7803851970	64349932	3491000	23630000	7476000	45000	1768995	0	1900456	0
1789816447.385278	24318285950	7805941564	64349932	3491000	23630000	7476000	45000	1781932	0	1900250	0
1789816447.890187	24321289788	7808092437	64349932	3491000	23630000	7476000	45000	1803532	0	1900426	0
1789816448.400475	24324338791	7810263758	64349932	3491000	23630000	7476000	45000	1740544	0	1800231	0
1789816448.906744	24327349220	7812412190	64349932	3491000	23620000	7477000	45000	1796878	0	1800246	0
1789816449.415381	24330418487	7814469252	64349932	3491000	23620000	7477000	45000	1681851	0	1800217	0
1789816449.920951	24333402061	7816551705	64349932	3491000	23620000	7477000	45000	1835417	0	1900303	0
1789816450.429034	24336440200	7818709048	64349932	3491000	23620000	7477000	45000	1728831	0	1803296	0
1789816450.933797	24339457710	7820863035	64349932	3489000	23620000	7473000	46000	1713128	0	1831857	0
1789816451.443122	24342517822	7823055839	64349932	3489000	23620000	7473000	46000	1669453	0	1801398	0
1789816451.948691	24345524101	7825146227	64349932	3489000	23620000	7473000	45000	1742020	0	1800202	0
1789816452.457930	24348535079	7827267987	64349932	3489000	23620000	7473000	45000	1852042	0	1926625	0
1789816452.963191	24351544532	7829443945	64349932	3489000	23620000	7473000	46000	1739979	0	2000208	0
1789816453.473069	24354573211	7831583893	64349932	3489000	23620000	7473000	46000	1859999	0	1973258	0
1789816453.977978	24357602500	7833753932	64349932	3490000	23610000	7475000	46000	1733977	0	2090349	0
1789816454.485941	24360644057	7835847249	64349932	3490000	23610000	7475000	46000	1849751	0	2011313	0
1789816454.991302	24363654364	7838026260	64349932	3490000	23610000	7475000	46000	1690105	0	2000254	0
1789816455.499648	24366687193	7840197031	64349932	3490000	23610000	7475000	46000	1668146	0	1967964	0
1789816456.005141	24369707022	7842379276	64349932	3491000	23600000	7476000	46000	1896576	0	2000228	0
1789816456.513523	24372729903	7844491209	64349932	3491000	23600000	7476000	46000	1833352	0	1900000	0
1789816457.018144	24375749731	7846650139	64349932	3491000	23600000	7476000	46000	1924100	0	2043353	0
1789816457.526173	24378791838	7848810778	64349932	3491000	23600000	7476000	46000	1878321	0	2000325	0
1789816458.031679	24381798361	7850857282	64349932	3490000	23600000	7474000	46000	1708341	0	1974629	0
1789816458.540104	24384838575	7852957679	64349932	3490000	23600000	7474000	46000	1822753	0	1976764	0
1789816459.045453	24387855840	7855128938	64349932	3490000	23600000	7474000	46000	1705245	0	2005816	0
1789816459.554557	24390889402	7857262844	64349932	3490000	23600000	7474000	46000	1696987	0	1938773	0
1789816460.060083	24393913503	7859446249	64349932	3490000	23590000	7474000	46000	1887358	0	2000900	0
1789816460.568692	24396914716	7861555435	64349932	3490000	23590000	7474000	46000	1574548	0	2007118	0
1789816461.073035	24399927831	7863699656	64349932	3490000	23590000	7474000	46000	1812514	0	2100286	0
1789816461.580172	24403025479	7865775456	64349932	3490000	23590000	7474000	46000	1462488	0	2400233	0
1789816462.084327	24406030171	7867717041	64349932	3489000	23580000	7472000	46000	1502676	0	2298454	0
1789816462.591729	24409054578	7869667963	64349932	3489000	23580000	7472000	46000	1491449	0	2301633	0
1789816463.096132	24411979741	7871602590	64349932	3489000	23580000	7472000	47000	1757025	0	2113127	0
1789816463.626992	24415162716	7873803573	64349932	3489000	23580000	7472000	47000	1709073	0	2050443	0
1789816464.131853	24418178150	7875739969	64349932	3489000	23580000	7472000	46000	1940313	0	2100111	0
1789816464.641265	24421201641	7877661839	64349932	3489000	23580000	7472000	46000	1315317	0	2200000	0
1789816465.144812	24424175755	7879490936	64349932	3488000	23580000	7471000	46000	1274840	0	2229241	0
1789816465.654224	24427220486	7880998989	64349932	3488000	23580000	7471000	46000	1442445	0	2296398	0
1789816466.159019	24430230244	7882489708	64349932	3488000	23580000	7471000	46000	2040369	0	2299976	0
1789816466.667906	24433269909	7884014973	64349932	3488000	23580000	7471000	46000	1232346	0	2300000	0
1789816467.173015	24436303897	7885886062	64350543	3491000	23570000	7476000	46000	2234793	0	2505631	0
1789816467.681493	24439322017	7887514414	64350543	3491000	23570000	7476000	46000	1447836	0	2257202	0
1789816468.187014	24442336658	7889011420	64350543	3491000	23570000	7476000	46000	1298710	0	2299976	0
1789816468.696914	24445381328	7890520632	64350543	3491000	23570000	7476000	46000	1503720	0	2217739	0
1789816469.202302	24448400973	7892016112	64350543	3491000	23560000	7477000	46000	1312816	0	2247920	0
1789816469.710620	24451434535	7893497248	64350543	3491000	23560000	7477000	46000	1503644	0	2300000	0
1789816470.216389	24454345599	7894884085	64350543	3491000	23560000	7477000	46000	1234939	0	2899970	0
1789816470.725053	24457018810	7896063953	64350543	3491000	23560000	7477000	46000	1382810	0	2879893	0
1789816471.231016	24459577642	7897219468	64350543	3492000	23560000	7479000	46000	1222012	0	2865338	0
1789816471.739134	24462176329	7898383222	64350543	3492000	23560000	7479000	46000	1196908	0	2966157	0
1789816472.244012	24464245782	7899328410	64351702	3492000	23560000	7479000	44000	1568449	0	1800285	0
1789816472.752997	24467763168	7902260409	64352923	3492000	23560000	7479000	44000	1247831	0	1481932	0
1789816473.258960	24470782386	7904652188	64354754	4236000	23550000	7471000	46000	1295614	0	1500000	0
1789816473.768911	24473825957	7907141683	64357074	4236000	23550000	7471000	46000	1262532	0	1499984	0
1789816474.273955	24476841147	7909444412	64358416	4236000	23550000	7471000	47000	1285103	0	1500000	0
1789816474.785547	24479897719	7911961617	64358538	4236000	23550000	7471000	47000	1251173	0	1409186	0
1789816475.289902	24482905829	7914456484	64358538	4236000	23550000	7471000	47000	1297112	0	1500015	0
1789816475.799523	24485949522	7916974971	64359149	4236000	23550000	7471000	47000	1300032	0	1500015	0
1789816476.305889	24488970877	7919481435	64359881	4232000	23540000	7464000	47000	1294289	0	1500000	0
1789816476.813882	24492002730	7921997786	64359942	4232000	23540000	7464000	47000	1260869	0	1486660	0
1789816477.318941	24495017675	7924495033	64360003	4232000	23540000	7464000	47000	1297567	0	1499984	0
1789816477.830885	24498073576	7927031220	64360064	4232000	23540000	7464000	47000	1258356	0	1466617	0
1789816478.335764	24501088827	7929541467	64360064	4237000	23530000	7473000	47000	1285371	0	1500015	0
1789816478.842892	24504114637	7932058368	64360064	4237000	23530000	7473000	47000	1300035	0	1500000	0
1789816479.348881	24507135931	7934557568	64360125	4237000	23530000	7473000	47000	1300032	0	1500000	0
1789816479.857885	24510173703	7937028753	64360125	4237000	23530000	7473000	47000	1252251	0	1405911	0
1789816480.362885	24513188222	7939538756	64360186	4236000	23530000	7471000	47000	1298515	0	1500000	0
1789816480.871615	24516221906	7942058037	64360186	4236000	23530000	7471000	47000	1294141	0	1500000	0
1789816481.376906	24519236913	7944561387	64360247	4236000	23530000	7471000	47000	1298943	0	1585035	0
1789816481.883884	24522261807	7947074504	64360247	4236000	23530000	7471000	47000	1306620	0	1552619	0
1789816482.387452	24525269490	7949570713	64360247	4236000	23520000	7472000	47000	1393721	0	1600000	0
1789816482.894671	24528297009	7952093229	64360247	4236000	23520000	7472000	47000	1288798	0	1543504	0
1789816483.397899	24531299687	7954591452	64360308	4236000	23520000	7472000	47000	1381916	0	1600000	0
1789816483.907504	24534342831	7957125259	64360308	4236000	23520000	7472000	47000	1391497	0	1600000	0
1789816484.411941	24537350331	7959550729	64360308	4236000	23520000	7471000	47000	1399395	0	1600016	0
1789816484.922881	24540401592	7962089846	64360308	4236000	23520000	7471000	47000	1343722	0	1600000	0
1789816485.426879	24543410130	7964546200	64360308	4236000	23520000	7471000	47000	1397179	0	1600000	0
1789816485.934793	24546442593	7967077321	64360308	4236000	23520000	7471000	47000	1302545	0	1520152	0
1789816486.439878	24549457233	7969588118	64360308	4236000	23520000	7471000	47000	1309665	0	1577011	0
1789816486.947880	24552489208	7972109474	64360308	4236000	23520000	7471000	47000	1349499	0	1600000	0
1789816487.453877	24555507450	7974622529	64360308	4236000	23510000	7471000	47000	1393425	0	1600016	0
1789816487.960878	24558535884	7977144861	64360308	4236000	23510000	7471000	47000	1306502	0	1583384	0
1789816488.464877	24561536182	7979642108	64360308	4236000	23510000	7471000	47000	1440888	0	1600000	0
1789816488.975760	24564583476	7982177258	64360308	4236000	23510000	7471000	47000	1460999	0	1700000	0
1789816489.479887	24567595981	7984673406	64360308	4236000	23500000	7471000	47000	1418418	0	1658085	0
1789816489.986514	24570622951	7987189391	64360308	4236000	23500000	7471000	47000	1437558	0	1700017	0
1789816490.489875	24573624652	7989686211	64360308	4236000	23500000	7471000	47000	1500059	0	1700000	0
1789816490.998828	24576663585	7992169176	64360308	4236000	23500000	7471000	47000	1412504	0	1700000	0
1789816491.502880	24579671572	7994674052	64360308	4234000	23490000	7468000	47000	1476293	0	1700017	0
1789816492.011876	24582709529	7997211887	64360308	4234000	23490000	7468000	47000	1440413	0	1700000	0
1789816492.514877	24585710497	7999712247	64360308	4234000	23490000	7468000	47000	1416309	0	1700000	0
1789816493.023876	24588750651	8002245017	64360308	4234000	23490000	7468000	47000	1433811	0	1700017	0
1789816493.527600	24591758883	8004744339	64360308	4234000	23490000	7469000	47000	1490315	0	1700000	0
1789816494.037878	24594809046	8007272836	64360308	4234000	23490000	7469000	47000	1389533	0	1600000	0
1789816494.543635	24597825457	8009726382	64360308	4234000	23490000	7469000	47000	1473927	0	1700017	0
1789816495.053887	24600869028	8012264644	64360308	4234000	23490000	7469000	47000	1483963	0	1700017	0
1789816495.556880	24603871462	8014759450	64360308	4235000	23480000	7470000	47000	1424078	0	1577139	0
1789816496.064888	24606905267	8017283247	64360308	4235000	23480000	7470000	47000	1434107	0	1700000	0
1789816496.569876	24609905260	8019729042	64360308	4235000	23480000	7470000	47000	1633275	0	1899980	0
1789816497.075876	24612924905	8022251679	64360308	4235000	23480000	7470000	47000	1637592	0	1900000	0
1789816497.581677	24615946504	8024768641	64360308	4235000	23480000	7470000	47000	1572109	0	1799981	0
1789816498.088875	24618971460	8027281757	64360308	4235000	23480000	7470000	47000	1612523	0	1862862	0
1789816498.593877	24621984819	8029791394	64360308	4235000	23470000	7470000	47000	1688259	0	1900000	0
1789816499.101680	24624995919	8032296148	64360308	4235000	23470000	7470000	47000	1782030	0	1900000	0
1789816499.605736	24628025025	8034823058	64360308	4235000	23470000	7470000	47000	1635927	0	1799981	0
1789816500.113879	24631032708	8037319695	64360308	4235000	23470000	7470000	47000	1713952	0	1800278	0
1789816500.618874	24634073960	8039853746	64360308	4236000	23470000	7471000	47000	1629956	0	1800018	0
1789816501.126871	24637105568	8042385173	64360308	4236000	23470000	7471000	47000	1627780	0	1900000	0
1789816501.630876	24640112763	8044888584	64360308	4236000	23470000	7471000	48000	1684784	0	1900000	0
1789816502.139874	24643152977	8047362638	64360308	4236000	23470000	7471000	48000	1629473	0	1900019	0
1789816502.643626	24646159806	8049869162	64360308	4234000	23460000	7468000	48000	1659391	0	1851151	0
1789816503.149895	24649181343	8052323136	64360308	4234000	23460000	7468000	48000	1601197	0	1824029	0
1789816503.654875	24652195862	8054803903	64360308	4234000	23460000	7468000	48000	1661963	0	1863177	0
1789816504.164841	24655225151	8057259402	64360308	4234000	23460000	7468000	48000	1612373	0	1700265	0
1789816504.669888	24658217941	8059732418	64360308	4236000	23450000	7471000	47000	1862703	0	2000269	0
1789816505.177875	24661251076	8062178579	64360308	4236000	23450000	7471000	47000	1941923	0	2000261	0
1789816505.684850	24664276886	8064696822	64360308	4236000	23450000	7471000	47000	1800135	0	2000321	0
1789816506.194635	24667315269	8067244179	64360308	4236000	23450000	7471000	47000	1795827	0	2100277	0
1789816506.698872	24670312271	8069750093	64360308	4233000	23450000	7467000	47000	1950138	0	2200282	0
1789816507.210471	24673378730	8072318934	64360308	4233000	23450000	7467000	47000	1898206	0	2100323	0
1789816507.714702	24676395995	8074786335	64360308	4233000	23450000	7467000	47000	1889884	0	2000339	0
1789816508.224877	24679438224	8077334302	64360308	4233000	23450000	7467000	47000	1950105	0	2000274	0
1789816508.729852	24682454696	8079858099	64360308	4233000	23450000	7467000	47000	1950142	0	2000318	0
1789816509.240879	24685491431	8082398986	64360308	4233000	23450000	7467000	47000	1898558	0	2100310	0
1789816509.745662	24688504302	8084921807	64360308	4233000	23440000	7467000	47000	2000116	0	2100269	0
1789816510.252458	24691529685	8087454759	64360308	4233000	23440000	7467000	47000	1922457	0	2189602	0
1789816510.756497	24694538771	8089962443	64360491	4233000	23440000	7467000	47000	1900131	0	2200288	0
1789816511.265875	24697569708	8092506260	64360491	4233000	23440000	7467000	47000	2046555	0	2200375	0
1789816511.769878	24700590513	8095035367	64360491	4234000	23430000	7468000	47000	1900119	0	2100287	0
1789816512.276872	24703624014	8097579917	64360491	4234000	23430000	7468000	47000	1946310	0	1992677	0
1789816512.780878	24706619368	8100083450	64360491	4234000	23430000	7468000	47000	1947285	0	2200368	0
1789816513.288681	24709665075	8102571725	64360491	4234000	23430000	7468000	47000	1900110	0	2000258	0
1789816513.796881	24712697721	8105103030	64360491	4236000	23430000	7471000	47000	1950150	0	2000306	0
1789816514.303965	24715715414	8107478634	64360491	4236000	23430000	7471000	47000	1848986	0	2100297	0
1789816514.808894	24718712476	8109913625	64360491	4236000	23430000	7471000	47000	1950121	0	2300286	0
1789816515.316875	24721744390	8112438582	64360491	4236000	23430000	7471000	47000	1950134	0	2300294	0
1789816515.821802	24724758481	8114955055	64360491	4235000	23420000	7470000	47000	1950134	0	2300286	0
1789816516.329811	24727788869	8117488191	64360491	4235000	23420000	7470000	47000	1953702	0	2307490	0
1789816516.833877	24730799359	8119994654	64360491	4235000	23420000	7470000	47000	1943068	0	2300328	0
1789816517.340869	24733851537	8122546772	64360491	4235000	23420000	7470000	47000	1950123	0	2000279	0
1789816517.846732	24736873318	8125071606	64360491	4236000	23410000	7471000	47000	1940224	0	2000259	0
1789816518.352885	24739903828	8127523688	64360491	4236000	23410000	7471000	47000	1850110	0	1900000	0
1789816518.856849	24742901867	8130024292	64360491	4236000	23410000	7471000	47000	1950114	0	2000289	0
1789816519.365875	24745917912	8132546258	64360491	4236000	23410000	7471000	47000	1995677	0	2300220	0
1789816519.869610	24748949581	8135078722	64360491	4236000	23410000	7471000	47000	1942295	0	2000292	0
1789816520.376874	24751976185	8137606731	64360491	4236000	23410000	7471000	47000	1900107	0	1900284	0
1789816520.880084	24753514267	8138176248	64553118	4233000	23410000	7467000	45000	1611763	0	2300142	1500
1789816521.386763	24756624916	8138814613	65977126	4233000	23410000	7467000	45000	1694328	0	2501029	1500
1789816521.893039	24759543182	8139386816	67397105	4233000	23410000	7467000	45000	1989100	0	2500372	1500
1789816522.400645	24762402672	8139903050	68819770	4233000	23410000	7467000	45000	1728032	0	2501629	1500
1789816522.906337	24765218033	8140385593	70234866	4234000	23400000	7469000	45000	1620361	0	2401008	1500
1789816523.413820	24768012399	8140859225	71649413	4234000	23400000	7469000	45000	1044369	0	1500000	1500
1789816523.917945	24771775451	8142438994	72831478	4234000	23400000	7469000	48000	1792966	0	1998940	400
1789816524.426948	24775050223	8144718956	73046749	4234000	23400000	7469000	48000	1099894	0	1300013	400
1789816524.932922	24778075972	8146732318	73308772	4227000	23390000	7456000	47000	1048160	0	1200012	400
1789816525.441940	24781112768	8148819409	73535456	4227000	23390000	7456000	47000	1050033	0	1200000	400
1789816525.947901	24784133634	8150825630	73797174	4227000	23390000	7456000	47000	1050020	0	1200012	400
1789816526.458758	24787186544	8152897097	74014519	4227000	23390000	7456000	47000	955386	0	1143006	400
1789816526.963889	24790194898	8155013058	74209770	4230000	23390000	7462000	47000	1139342	0	1300000	400
1789816527.474481	24793251104	8157112418	74441276	4230000	23390000	7462000	47000	1037175	0	1181778	400
1789816527.980056	24796264707	8159127672	74700187	4230000	23390000	7462000	47000	1039623	0	1200024	400
1789816528.491487	24799320790	8161251507	74918631	4230000	23390000	7462000	47000	1050022	0	1200024	400
1789816528.998948	24802364728	8163243506	75162832	4234000	23380000	7468000	47000	837986	0	1000000	400
1789816529.508899	24805391820	8165255036	75424428	4234000	23380000	7468000	47000	1050026	0	1200012	400
1789816530.015656	24808415189	8167272853	75688587	4234000	23380000	7468000	48000	1041080	0	1200012	400
1789816530.525896	24811454976	8169337667	75916004	4234000	23380000	7468000	48000	1098453	0	1300000	400
1789816531.030899	24814471264	8171462784	76108508	4234000	23380000	7468000	48000	1055010	0	1239894	400
1789816531.543410	24817527348	8173525157	76355334	4234000	23380000	7468000	48000	1061199	0	1289389	400
1789816532.049674	24820551510	8175655706	76551805	4233000	23370000	7467000	47000	1150030	0	1300000	400
1789816532.558592	24823592579	8177799194	76752428	4233000	23370000	7467000	47000	1100028	0	1300013	400
1789816533.067873	24826627117	8179921320	76959885	4233000	23370000	7467000	48000	1145713	0	1300000	400
1789816533.577904	24829674167	8181952198	77221604	4233000	23370000	7467000	48000	1098620	0	1300026	400
1789816534.091958	24832737697	8184017623	77457443	4232000	23370000	7465000	47000	1243653	0	1464160	400
1789816534.609953	24835834735	8186031778	77712142	4232000	23370000	7465000	47000	1091486	0	1300013	400
1789816535.114951	24838849803	8188033909	77969404	4232000	23370000	7465000	47000	1100022	0	1300026	400
1789816535.625884	24841901065	8190060088	78233808	4232000	23370000	7465000	47000	1092640	0	1299986	400
1789816536.130528	24844912349	8192074792	78484113	4233000	23360000	7467000	48000	1145508	0	1300013	400
1789816536.641887	24847959765	8194177448	78703778	4233000	23360000	7467000	48000	1155665	0	1350301	400
1789816537.145894	24850973734	8196268995	78914653	4233000	23360000	7467000	48000	1096864	0	1300000	400
1789816537.653884	24854006075	8198302376	79167094	4233000	23360000	7467000	48000	1097296	0	1300000	400
1789816538.158896	24857024744	8200382083	79381022	4233000	23350000	7467000	48000	1050024	0	1200012	400
1789816538.667887	24860056780	8202452268	79565958	4233000	23350000	7467000	48000	1131997	0	1300000	400
1789816539.173898	24863079172	8204493950	79812234	4233000	23350000	7467000	48000	1091970	0	1300013	400
1789816539.683882	24866123110	8206524828	80073891	4233000	23350000	7467000	48000	1092858	0	1289933	400
1789816540.187888	24869124262	8208488873	80338234	4230000	23340000	7462000	48000	1248068	0	1400000	400
1789816540.697625	24872165880	8210537696	80592445	4230000	23340000	7462000	48000	1289687	0	1500000	400
1789816541.202771	24875185098	8212548555	80853308	4230000	23340000	7462000	48000	1172347	0	1399985	400
1789816541.713930	24878232698	8214580655	81118505	4230000	23340000	7462000	48000	1246219	0	1400014	400
1789816542.219910	24881251306	8216666770	81334752	4230000	23340000	7462000	48000	1292571	0	1500000	400
1789816542.730925	24884304521	8218698747	81602147	4230000	23340000	7462000	48000	1220511	0	1399985	400
1789816543.235486	24887310739	8220703137	81861728	4233000	23340000	7467000	48000	1300029	0	1500015	400
1789816543.745408	24890354249	8222714606	82131625	4233000	23340000	7467000	48000	1275423	0	1499984	400
1789816544.249696	24893372613	8224627382	82361605	4233000	23340000	7467000	48000	1288939	0	1500015	400
1789816544.761883	24896427353	8226636959	82633638	4233000	23340000	7467000	48000	1251057	0	1445983	400
1789816545.265885	24899435524	8228690482	82864900	4232000	23330000	7464000	48000	1234264	0	1400000	400
1789816545.773949	24902471222	8230705858	83116974	4232000	23330000	7464000	48000	1197144	0	1400000	400
1789816546.279519	24905482018	8232735882	83367889	4232000	23330000	7464000	48000	1238830	0	1425637	400
1789816546.789892	24908538040	8234754004	83641448	4232000	23330000	7464000	48000	1150541	0	1338194	400
1789816547.293445	24911539192	8236727571	83918303	4233000	23320000	7466000	48000	1185213	0	1400000	400
1789816547.802886	24914569763	8238721401	84196195	4233000	23320000	7466000	48000	1360372	0	1576607	400
1789816548.307464	24917581596	8240700949	84475003	4233000	23320000	7466000	48000	1332718	0	1500000	400
1789816548.814881	24920613815	8242701310	84751736	4233000	23320000	7466000	48000	1365845	0	1599983	400
1789816549.318575	24923608985	8244687999	85014247	4233000	23320000	7467000	48000	1483997	0	1700034	400
1789816549.829891	24926668365	8246768927	85248194	4233000	23320000	7467000	48000	1376948	0	1624403	400
1789816550.332879	24929670066	8248762330	85506556	4233000	23320000	7467000	48000	1373828	0	1603816	400
1789816550.839878	24932695022	8250719905	85764306	4233000	23320000	7467000	48000	1448409	0	1658874	400
1789816551.346923	24935721198	8252830435	85948022	4233000	23310000	7467000	48000	1431575	0	1600016	400
1789816551.855453	24938755004	8254918564	86147362	4233000	23310000	7467000	48000	1334123	0	1521087	400
1789816552.360879	24941774527	8257016947	86351768	4233000	23310000	7467000	48000	1482825	0	1699982	400
1789816552.870573	24944811263	8259142674	86547813	4233000	23310000	7467000	48000	1491839	0	1699982	400
1789816553.375945	24947833594	8261147003	86786215	4233000	23310000	7467000	48000	1444699	0	1700017	400
1789816553.888018	24950891081	8263259424	86993734	4233000	23310000	7467000	48000	1373027	0	1599983	400
1789816554.393951	24953912069	8265172078	87234090	4232000	23300000	7465000	48000	1373085	0	1600000	400
1789816554.904914	24956957594	8267164138	87507771	4232000	23300000	7465000	48000	1436470	0	1599983	400
1789816555.409735	24959972235	8269169870	87762043	4232000	23300000	7465000	48000	1404511	0	1563905	400
1789816555.916955	24962970091	8271112004	88040790	4232000	23300000	7465000	48000	1582638	0	1600248	400
1789816556.421582	24966002310	8273088195	88312334	4233000	23300000	7467000	48000	1547083	0	1600016	400
1789816556.931455	24969011396	8275076777	88556047	4233000	23300000	7467000	48000	1700120	0	1800269	400
1789816557.435888	24972052038	8277174855	88771318	4233000	23300000	7467000	48000	1650095	0	1900019	400
1789816557.943880	24975093046	8279296126	88975052	4233000	23300000	7467000	48000	1555593	0	1844072	400
1789816558.448635	24978107198	8281298563	89227493	4230000	23290000	7462000	48000	1558466	0	1867040	400
1789816558.957884	24981148694	8283306248	89487624	4230000	23290000	7462000	48000	1512605	0	1800000	400
1789816559.460884	24984124578	8285261199	89748915	4230000	23290000	7462000	48000	1648316	0	1700000	400
1789816559.969526	24987147519	8287339380	89962416	4230000	23290000	7462000	48000	1846702	0	1900000	400
1789816560.474655	24990195424	8289468463	90161878	4233000	23280000	7466000	48000	1610072	0	1879829	400
1789816560.985880	24993249493	8291466322	90435864	4233000	23280000	7466000	48000	1550072	0	1800018	400
1789816561.491878	24996266392	8293494454	90678356	4233000	23280000	7466000	48000	1612583	0	1900000	400
1789816562.000821	24999275723	8295427249	90934276	4233000	23280000	7466000	48000	1748511	0	1800244	400
1789816562.504776	25002314533	8297509275	91154490	4233000	23270000	7466000	48000	1559856	0	1878021	400
1789816563.014696	25005359081	8299527581	91407969	4233000	23270000	7466000	48000	1550100	0	1800018	400
1789816563.517889	25008358707	8301553699	91633249	4233000	23270000	7466000	49000	1489573	0	1600016	400
1789816564.029905	25011417476	8303632062	91855599	4233000	23270000	7466000	49000	1550089	0	1800000	400
1789816564.533945	25014415577	8305582558	92099739	4233000	23270000	7466000	48000	1536738	0	1600000	400
1789816565.041889	25017431560	8307538730	92374946	4233000	23270000	7466000	48000	1625664	0	1700165	400
1789816565.546879	25020444065	8309508329	92646918	4233000	23270000	7467000	48000	1680712	0	1800298	400
1789816566.055890	25023508632	8311513207	92896551	4233000	23270000	7467000	48000	1622583	0	1868525	400
1789816566.559907	25026503253	8313573809	93106145	4233000	23270000	7467000	48000	1750099	0	1900000	400
1789816567.068798	25029559703	8315570264	93374516	4233000	23270000	7467000	48000	1438787	0	1600000	400
1789816567.574038	25032574466	8317437203	93643681	4232000	23260000	7465000	48000	1612587	0	1900000	400
1789816568.081878	25035575068	8319404544	93908084	4232000	23260000	7465000	48000	1635845	0	1700256	400
1789816568.588394	25038599231	8321380308	94180300	4232000	23260000	7465000	48000	1647138	0	1700241	400
1789816569.097671	25041641398	8323409722	94431032	4232000	23260000	7465000	48000	1685153	0	1800260	400
1789816569.603627	25044654269	8325483325	94641115	4233000	23260000	7467000	48000	1800106	0	1900232	400
1789816570.114434	25047697718	8327571088	94862122	4233000	23260000	7467000	48000	1750103	0	1900279	400
1789816570.619950	25050718462	8329631080	95063904	4233000	23260000	7467000	48000	1734707	0	1900297	400
1789816571.129725	25053770334	8331672457	95310730	4233000	23260000	7467000	48000	1695211	0	1800280	400
1789816571.634909	25056815187	8333691068	95568114	4232000	23250000	7464000	48000	1562570	0	1900000	400
1789816572.143577	25058995785	8334652064	95933287	4232000	23250000	7464000	48000	750880	0	1599412	0
1789816572.649541	25059562434	8334815882	95933287	4232000	23250000	7464000	49000	842587	0	2477205	0
1789816573.155604	25060019037	8334937952	95934446	4232000	23250000	7464000	49000	752780	0	1600023	0
1789816573.661113	25060254815	8334955591	95937925	4268000	23240000	7529000	45000	998051	0	1548603	0
1789816574.171062	25060853324	8335171105	95940245	4268000	23240000	7529000	45000	1067892	0	1599996	0
1789816574.677002	25061142386	8335189111	95941587	4268000	23240000	7529000	45000	540303	0	1522424	0
1789816575.186328	25061516286	8335206689	95942259	4268000	23240000	7529000	45000	710134	0	1461645	0
1789816575.692397	25061965321	8335295983	95942625	4268000	23240000	7529000	45000	937355	0	1476870	0
1789816576.202969	25062173450	8335315636	95942625	4268000	23240000	7529000	45000	1099852	0	1480598	0
1789816576.708200	25062343555	8335326134	95942625	4270000	23240000	7531000	45000	657787	0	1500040	0
1789816577.217240	25062605456	8335347557	95942625	4270000	23240000	7531000	45000	797028	0	1212560	0
1789816577.723054	25062828783	8335362450	95942625	4270000	23240000	7531000	45000	711143	0	1437732	0
1789816578.233482	25063147752	8335389427	95942625	4270000	23240000	7531000	45000	663246	0	1543969	0
1789816578.740286	25063374619	8335408226	95942625	4264000	23240000	7521000	45000	638946	0	1600000	0
1789816579.249533	25063638778	8335443016	95942625	4264000	23240000	7521000	45000	528657	0	1173428	0
1789816579.755453	25063855086	8335458458	95942686	4264000	23240000	7521000	44000	598844	0	1600000	0
1789816580.264310	25064109053	8335479881	95942686	4264000	23240000	7521000	44000	967351	0	1529691	0
1789816580.770118	25064299360	8335489586	95942686	4270000	23240000	7532000	44000	763369	0	1525969	0
1789816581.279360	25064601056	8335536522	95942686	4270000	23240000	7532000	44000	840974	0	1373703	0
1789816581.785505	25064795514	8335546898	95942686	4270000	23240000	7532000	44000	632960	0	1549344	0
1789816582.296335	25065017376	8335568443	95942686	4270000	23240000	7532000	44000	1083267	0	1476569	0
1789816582.802534	25065185649	8335576439	95942686	4274000	23230000	7538000	44000	648659	0	1500000	0
1789816583.312414	25065550822	8335611839	95942686	4274000	23230000	7538000	44000	1122679	0	1400463	0
1789816583.817469	25065731913	8335618065	95942686	4274000	23230000	7538000	43000	659262	0	1470969	0
1789816584.327083	25066336708	8335826438	95942686	4274000	23230000	7538000	43000	657897	0	1555384	0
1789816584.833375	25066495888	8335833030	95942686	4271000	23230000	7534000	43000	691027	0	1546500	0
1789816585.343493	25066805762	8335860740	95942686	4271000	23230000	7534000	43000	667987	0	1509466	0
1789816585.850131	25067010779	8335871360	95942686	4271000	23230000	7534000	43000	764212	0	1500176	0
1789816586.360371	25067235876	8335889182	95942686	4271000	23230000	7534000	43000	640206	0	1380604	0
1789816586.866058	25067399694	8335893943	95942686	4271000	23230000	7534000	43000	805981	0	1418754	0
1789816587.378404	25067721837	8335924277	95942686	4271000	23230000	7534000	43000	619603	0	1599967	0
1789816587.884418	25067921177	8335932639	95942686	4275000	23230000	7541000	43000	1053117	0	1563724	0
1789816588.393501	25068236240	8335981040	95942686	4275000	23230000	7541000	43000	573061	0	1373772	0
1789816588.898388	25068408908	8335987754	95942686	4275000	23230000	7541000	43000	1181665	0	1600000	0
1789816589.408756	25068590365	8336002463	95942686	4275000	23230000	7541000	43000	587372	0	1500000	0
1789816589.914552	25068790071	8336009970	95942686	4274000	23230000	7539000	43000	975817	0	1367279	0
1789816590.423423	25068990205	8336026206	95942686	4274000	23230000	7539000	43000	604836	0	1500018	0
1789816590.929438	25069335297	8336032309	95942686	4274000	23230000	7539000	43000	560909	0	1450697	0
1789816591.439805	25069526581	8336046408	95942686	4274000	23230000	7539000	43000	656442	0	1500000	0
1789816591.947060	25069698394	8336052512	95942686	4276000	23220000	7542000	43000	660976	0	1453605	0
1789816592.456220	25069931914	8336067343	95942686	4276000	23220000	7542000	43000	663364	0	1497665	0
1789816592.962331	25070102995	8336073508	95942686	4276000	23220000	7542000	42000	669845	0	1600000	0
1789816593.472482	25070445829	8336105124	95942686	4276000	23220000	7542000	42000	697686	0	1599979	0
1789816593.978373	25070598111	8336109579	95942686	4272000	23220000	7536000	42000	644731	0	1548320	0
1789816594.488462	25071250148	8336338400	95942686	4272000	23220000	7536000	42000	649388	0	1423734	0
1789816594.994147	25071434535	8336345541	95942686	4272000	23220000	7536000	42000	678256	0	1547223	0
1789816595.504006	25071615076	8336357259	95942686	4272000	23220000	7536000	42000	755243	0	1458421	0
1789816596.010446	25071785242	8336365011	95942686	4275000	23220000	7541000	42000	916013	0	1529652	0
1789816596.520028	25072057336	8336380392	95942686	4275000	23220000	7541000	42000	1093870	0	1600148	0
1789816597.025367	25072214135	8336385824	95942686	4275000	23220000	7541000	42000	1098181	0	1700280	0
1789816597.535280	25072477928	8336403463	95942686	4275000	23220000	7541000	42000	1176367	0	1499818	0
1789816598.041460	25072641441	8336409689	95942686	4275000	23220000	7541000	42000	747531	0	1481202	0
1789816598.553196	25073000998	8336454244	95942686	4275000	23220000	7541000	42000	818038	0	1535477	0
1789816599.059446	25073144064	8336459188	95942686	4276000	23220000	7542000	42000	628074	0	1500000	0
1789816599.568003	25073412069	8336479757	95942686	4276000	23220000	7542000	42000	672057	0	1548779	0
1789816600.074018	25073592122	8336486410	95942686	4276000	23220000	7542000	42000	645631	0	1457253	0
1789816600.583719	25073931599	8336528585	95942686	4276000	23220000	7542000	42000	588483	0	1455711	0
1789816601.089507	25074102863	8336534993	95942686	4277000	23210000	7544000	41000	779123	0	1450573	0
1789816601.598482	25074471026	8336588277	95942686	4277000	23210000	7544000	41000	792369	0	1416497	0
1789816602.104030	25074793108	8336614339	95942686	4277000	23210000	7544000	42000	1296630	0	1497284	0
