t_s,tier,phase,soc_w,core_w,uncore_w,bat_power_now_w,bat_energy_wh,pkg_temp_c,cpu_mhz,fan_rpm
0.00,,gap,1.152,0.367,0.008,3.517,24.070,33.0,1064,0
0.51,stress,idle,0.749,0.229,0.004,3.508,24.060,32.0,781,0
1.01,stress,idle,0.638,0.062,0.000,3.508,24.060,32.0,593,0
1.52,stress,idle,0.412,0.020,0.002,3.508,24.060,32.0,817,0
2.03,stress,idle,0.609,0.044,0.003,3.508,24.060,32.0,811,0
2.54,stress,idle,0.325,0.014,0.000,3.519,24.060,32.0,872,0
3.05,stress,idle,0.484,0.032,0.000,3.519,24.060,32.0,1350,0
3.56,stress,idle,0.325,0.013,0.000,3.519,24.060,32.0,1121,0
4.06,stress,idle,0.562,0.023,0.000,3.519,24.060,32.0,550,0
4.57,stress,idle,0.299,0.012,0.000,3.519,24.060,32.0,881,0
5.08,stress,idle,0.732,0.056,0.000,3.519,24.060,32.0,1004,0
5.59,stress,idle,0.335,0.011,0.000,3.519,24.060,32.0,657,0
6.09,stress,idle,0.510,0.051,0.000,3.519,24.060,32.0,631,0
6.60,stress,idle,0.414,0.029,0.000,3.516,24.050,32.0,665,0
7.11,stress,idle,0.498,0.030,0.000,3.516,24.050,32.0,687,0
7.62,stress,idle,0.489,0.013,0.000,3.516,24.050,32.0,621,0
8.12,stress,idle,1.104,0.353,0.000,3.516,24.050,32.0,1289,0
8.63,stress,idle,0.528,0.071,0.000,3.514,24.050,32.0,745,0
9.14,stress,idle,0.409,0.034,0.000,3.514,24.050,32.0,783,0
9.65,stress,idle,0.374,0.015,0.000,3.514,24.050,32.0,798,0
10.16,stress,idle,0.380,0.027,0.000,3.514,24.050,32.0,931,0
10.67,stress,idle,0.449,0.014,0.000,3.514,24.050,32.0,890,0
11.17,stress,idle,0.361,0.024,0.000,3.514,24.050,32.0,948,0
11.68,stress,idle,0.389,0.017,0.000,3.518,24.050,32.0,795,0
12.19,stress,idle,0.509,0.034,0.000,3.518,24.050,32.0,864,0
12.70,stress,idle,0.368,0.014,0.000,3.518,24.050,32.0,615,0
13.21,stress,idle,0.387,0.029,0.000,3.518,24.050,32.0,756,0
13.72,stress,idle,0.335,0.013,0.000,3.519,24.040,32.0,783,0
14.22,stress,idle,0.378,0.031,0.000,3.519,24.040,32.0,1107,0
14.73,stress,idle,0.362,0.018,0.000,3.519,24.040,32.0,651,0
15.24,stress,idle,0.625,0.037,0.000,3.519,24.040,32.0,1068,0
15.75,stress,idle,0.585,0.044,0.000,3.517,24.040,32.0,845,0
16.26,stress,idle,0.809,0.057,0.000,3.517,24.040,32.0,618,0
16.77,stress,idle,0.340,0.012,0.000,3.517,24.040,32.0,663,0
17.28,stress,idle,0.422,0.030,0.000,3.517,24.040,32.0,652,0
17.79,stress,idle,0.362,0.015,0.000,3.519,24.030,32.0,652,0
18.30,stress,idle,1.344,0.348,0.000,3.519,24.030,32.0,765,0
18.82,stress,idle,0.406,0.012,0.000,3.519,24.030,32.0,801,0
19.32,stress,idle,0.486,0.029,0.000,3.519,24.030,32.0,692,0
19.84,stress,idle,1.615,0.703,0.003,3.519,24.030,32.0,1097,0
20.34,stress,single,4.283,3.223,0.000,3.519,24.030,32.0,1561,0
20.86,stress,single,4.592,3.588,0.004,3.519,24.030,42.0,1073,0
21.36,stress,single,4.317,3.383,0.004,3.519,24.030,42.0,912,0
21.87,stress,single,4.434,3.358,0.004,3.519,24.030,42.0,1699,0
22.37,stress,single,4.372,3.403,0.002,3.519,24.030,42.0,913,0
22.88,stress,single,4.266,3.356,0.002,3.506,24.030,43.0,1369,0
23.39,stress,single,4.352,3.404,0.002,3.506,24.030,43.0,1064,0
23.90,stress,single,4.278,3.367,0.000,3.506,24.030,43.0,937,0
24.40,stress,single,4.228,3.335,0.000,3.506,24.030,43.0,899,0
24.91,stress,single,4.263,3.357,0.000,3.506,24.020,42.0,921,0
25.42,stress,single,4.240,3.334,0.000,3.506,24.020,42.0,900,0
25.93,stress,single,4.336,3.422,0.000,3.506,24.020,43.0,1115,0
26.43,stress,single,4.226,3.335,0.000,3.506,24.020,43.0,1100,0
26.94,stress,single,4.355,3.355,0.000,3.506,24.010,43.0,903,0
27.45,stress,single,4.252,3.352,0.000,3.506,24.010,43.0,909,0
27.95,stress,single,4.263,3.375,0.000,3.506,24.010,43.0,925,0
28.46,stress,single,5.131,3.825,0.000,3.506,24.010,43.0,887,0
28.97,stress,single,4.341,3.405,0.000,3.504,24.010,43.0,926,0
29.47,stress,single,4.294,3.380,0.000,3.504,24.010,43.0,976,0
29.98,stress,single,4.322,3.394,0.000,3.504,24.010,43.0,1157,0
30.49,stress,single,4.243,3.326,0.000,3.504,24.010,43.0,900,0
31.00,stress,single,4.318,3.382,0.000,3.505,24.000,44.0,1774,0
31.50,stress,single,4.292,3.352,0.000,3.505,24.000,44.0,895,0
32.01,stress,single,4.368,3.401,0.000,3.505,24.000,44.0,1211,0
32.51,stress,single,4.264,3.326,0.000,3.505,24.000,44.0,904,0
33.02,stress,single,4.273,3.372,0.000,3.505,24.000,44.0,906,0
33.53,stress,single,4.252,3.359,0.000,3.505,24.000,44.0,1082,0
34.04,stress,single,4.363,3.430,0.000,3.506,24.000,44.0,1070,0
34.54,stress,single,4.231,3.346,0.000,3.506,24.000,44.0,912,0
35.05,stress,single,4.288,3.374,0.000,3.506,24.000,44.0,1084,0
35.56,stress,single,4.237,3.334,0.000,3.506,24.000,44.0,906,0
36.07,stress,single,4.322,3.418,0.000,3.503,23.990,44.0,1181,0
36.57,stress,single,4.247,3.351,0.000,3.503,23.990,44.0,910,0
37.08,stress,single,4.326,3.424,0.000,3.503,23.990,44.0,901,0
37.59,stress,single,4.409,3.363,0.000,3.503,23.990,44.0,1055,0
38.09,stress,single,4.969,3.801,0.000,3.498,23.990,44.0,1607,0
38.60,stress,single,4.269,3.359,0.000,3.498,23.990,44.0,1170,0
39.11,stress,single,4.361,3.435,0.000,3.498,23.990,44.0,873,0
39.61,stress,single,4.214,3.330,0.000,3.498,23.990,44.0,892,0
40.12,stress,single,4.241,3.349,0.000,3.504,23.980,45.0,929,0
40.62,stress,single,4.294,3.316,0.000,3.504,23.980,45.0,901,0
41.13,stress,single,4.323,3.392,0.000,3.504,23.980,44.0,980,0
41.63,stress,single,4.218,3.327,0.000,3.504,23.980,44.0,731,0
42.14,stress,single,4.271,3.364,0.000,3.504,23.980,45.0,804,0
42.64,stress,single,4.205,3.317,0.000,3.504,23.980,45.0,970,0
43.15,stress,single,4.386,3.373,0.000,3.504,23.980,45.0,998,0
43.65,stress,single,4.218,3.329,0.000,3.504,23.980,45.0,737,0
44.16,stress,single,4.246,3.345,0.000,3.504,23.980,45.0,977,0
44.66,stress,single,4.240,3.333,0.000,3.504,23.980,45.0,1571,0
45.17,stress,single,4.884,3.642,0.000,3.505,23.970,45.0,962,0
45.68,stress,single,4.907,3.570,0.000,3.505,23.970,45.0,1351,0
46.18,stress,single,4.312,3.400,0.000,3.505,23.970,45.0,968,0
46.69,stress,single,4.189,3.307,0.000,3.505,23.970,45.0,1131,0
47.19,stress,single,4.251,3.366,0.000,3.505,23.960,45.0,930,0
47.70,stress,single,4.307,3.358,0.000,3.505,23.960,45.0,1176,0
48.20,stress,single,5.192,3.894,0.000,3.505,23.960,45.0,976,0
48.71,stress,single,4.290,3.325,0.000,3.505,23.960,45.0,1097,0
49.21,stress,single,4.275,3.370,0.000,3.500,23.960,45.0,1109,0
49.72,stress,single,4.260,3.370,0.000,3.500,23.960,45.0,787,0
50.22,stress,single,3.557,1.930,0.003,3.500,23.960,37.0,1851,0
50.73,stress,allcore_zstd,7.021,4.675,0.005,3.500,23.960,37.0,1588,0
51.24,stress,allcore_zstd,5.935,4.152,0.000,3.495,23.960,38.0,1697,0
51.74,stress,allcore_zstd,5.928,4.039,0.004,3.495,23.960,38.0,1813,0
52.25,stress,allcore_zstd,6.076,4.203,0.004,3.495,23.960,38.0,1506,0
52.76,stress,allcore_zstd,5.862,4.081,0.002,3.495,23.960,38.0,1781,0
53.27,stress,allcore_zstd,5.985,4.221,0.002,3.494,23.950,38.0,1800,0
53.77,stress,allcore_zstd,6.066,4.273,0.003,3.494,23.950,38.0,1490,0
54.29,stress,allcore_zstd,5.891,4.059,0.000,3.494,23.950,39.0,1692,0
54.79,stress,allcore_zstd,5.958,4.173,0.000,3.494,23.950,39.0,1731,0
55.30,stress,allcore_zstd,5.971,4.132,0.000,3.494,23.950,39.0,1698,0
55.81,stress,allcore_zstd,5.990,4.124,0.000,3.494,23.950,39.0,1673,0
56.32,stress,allcore_zstd,5.956,4.186,0.000,3.496,23.940,39.0,1701,0
56.82,stress,allcore_zstd,6.033,4.222,0.000,3.496,23.940,39.0,1526,0
57.33,stress,allcore_zstd,5.932,3.960,0.000,3.496,23.940,39.0,1598,0
57.84,stress,allcore_zstd,5.948,4.136,0.000,3.496,23.940,39.0,1686,0
58.35,stress,allcore_zstd,5.978,3.976,0.000,3.492,23.930,39.0,1684,0
58.86,stress,allcore_zstd,5.952,4.156,0.000,3.492,23.930,39.0,1702,0
59.36,stress,allcore_zstd,5.983,4.205,0.000,3.492,23.930,39.0,1700,0
59.87,stress,allcore_zstd,5.972,4.172,0.000,3.492,23.930,39.0,1675,0
60.38,stress,allcore_zstd,5.993,4.258,0.000,3.494,23.930,39.0,1604,0
60.89,stress,allcore_zstd,6.014,4.235,0.000,3.494,23.930,39.0,1485,0
61.40,stress,allcore_zstd,5.917,4.195,0.000,3.494,23.930,40.0,1633,0
61.90,stress,allcore_zstd,6.006,4.310,0.000,3.494,23.930,40.0,1547,0
62.42,stress,allcore_zstd,5.914,4.256,0.000,3.493,23.920,40.0,1700,0
62.92,stress,allcore_zstd,6.030,4.273,0.000,3.493,23.920,40.0,1515,0
63.43,stress,allcore_zstd,5.921,4.251,0.000,3.493,23.920,40.0,1650,0
63.94,stress,allcore_zstd,6.002,4.314,0.000,3.493,23.920,40.0,1510,0
64.44,stress,allcore_zstd,5.905,4.188,0.000,3.492,23.920,40.0,1687,0
64.95,stress,allcore_zstd,6.010,4.305,0.000,3.492,23.920,40.0,1591,0
65.46,stress,allcore_zstd,5.952,4.136,0.000,3.492,23.920,40.0,1683,0
65.97,stress,allcore_zstd,5.977,4.255,0.000,3.492,23.920,40.0,1644,0
66.48,stress,allcore_zstd,5.946,4.218,0.000,3.492,23.920,40.0,1705,0
66.98,stress,allcore_zstd,6.009,4.219,0.000,3.492,23.920,40.0,1589,0
67.49,stress,allcore_zstd,5.935,4.241,0.000,3.493,23.910,40.0,1682,0
68.00,stress,allcore_zstd,5.978,4.276,0.000,3.493,23.910,40.0,1588,0
68.51,stress,allcore_zstd,5.953,4.047,0.000,3.493,23.910,40.0,1666,0
69.01,stress,allcore_zstd,5.973,4.250,0.000,3.493,23.910,40.0,1698,0
69.52,stress,allcore_zstd,5.955,4.220,0.000,3.493,23.900,40.0,1733,0
70.03,stress,allcore_zstd,5.935,4.186,0.000,3.493,23.900,40.0,1830,0
70.54,stress,allcore_zstd,5.940,4.232,0.000,3.493,23.900,41.0,1836,0
71.04,stress,allcore_zstd,6.022,4.255,0.000,3.493,23.900,41.0,1747,0
71.58,stress,allcore_zstd,5.955,4.315,0.000,3.494,23.890,41.0,1813,0
72.09,stress,allcore_zstd,5.989,4.308,0.000,3.494,23.890,41.0,1696,0
72.60,stress,allcore_zstd,5.943,4.204,0.000,3.494,23.890,41.0,1801,0
73.10,stress,allcore_zstd,5.964,4.238,0.000,3.494,23.890,41.0,1784,0
73.61,stress,allcore_zstd,5.963,4.262,0.000,3.494,23.890,41.0,1807,0
74.11,stress,allcore_zstd,5.972,4.278,0.000,3.494,23.890,41.0,1762,0
74.62,stress,allcore_zstd,5.974,4.310,0.000,3.494,23.890,42.0,1773,0
75.13,stress,allcore_zstd,5.973,4.284,0.000,3.494,23.890,42.0,1746,0
75.64,stress,allcore_zstd,5.966,4.317,0.000,3.493,23.880,41.0,1792,0
76.14,stress,allcore_zstd,5.977,4.122,0.000,3.493,23.880,41.0,1745,0
76.65,stress,allcore_zstd,5.900,4.274,0.000,3.493,23.880,41.0,1727,0
77.16,stress,allcore_zstd,5.989,4.297,0.000,3.493,23.880,41.0,1657,0
77.67,stress,allcore_zstd,5.958,4.312,0.000,3.493,23.880,41.0,1849,0
78.17,stress,allcore_zstd,6.046,4.088,0.000,3.493,23.880,41.0,1771,0
78.68,stress,allcore_zstd,5.820,4.109,0.000,3.494,23.870,42.0,1641,0
79.19,stress,allcore_zstd,5.975,4.346,0.000,3.494,23.870,42.0,1800,0
79.69,stress,allcore_zstd,6.089,4.248,0.000,3.494,23.870,42.0,1477,0
80.20,stress,allcore_zstd,6.002,3.921,0.000,3.494,23.870,42.0,1670,0
80.71,stress,allcore_zstd,6.023,3.864,0.000,3.493,23.870,42.0,1653,0
81.21,stress,allcore_zstd,5.943,3.844,0.000,3.493,23.870,42.0,1455,0
81.72,stress,allcore_zstd,5.939,3.835,0.000,3.493,23.870,42.0,1481,0
82.22,stress,allcore_zstd,5.984,3.934,0.000,3.493,23.870,42.0,1463,0
82.73,stress,allcore_zstd,5.943,3.892,0.000,3.492,23.860,42.0,1521,0
83.23,stress,allcore_zstd,5.914,4.023,0.000,3.492,23.860,42.0,1281,0
83.74,stress,allcore_zstd,5.936,4.091,0.000,3.492,23.860,42.0,1323,0
84.25,stress,allcore_zstd,5.897,4.145,0.000,3.492,23.860,42.0,1407,0
84.76,stress,allcore_zstd,6.045,4.160,0.000,3.492,23.860,42.0,1289,0
85.26,stress,allcore_zstd,5.964,4.090,0.000,3.492,23.860,42.0,1338,0
85.77,stress,allcore_zstd,5.976,4.052,0.000,3.492,23.860,42.0,1470,0
86.28,stress,allcore_zstd,5.965,3.931,0.000,3.492,23.860,42.0,1320,0
86.78,stress,allcore_zstd,5.919,4.053,0.000,3.491,23.850,43.0,1381,0
87.29,stress,allcore_zstd,6.010,3.979,0.000,3.491,23.850,43.0,1494,0
87.80,stress,allcore_zstd,5.986,3.944,0.000,3.491,23.850,43.0,1316,0
88.30,stress,allcore_zstd,5.946,4.005,0.000,3.491,23.850,43.0,1362,0
88.81,stress,allcore_zstd,5.969,3.982,0.000,3.491,23.850,43.0,1350,0
89.31,stress,allcore_zstd,5.984,3.945,0.000,3.491,23.850,43.0,1482,0
89.82,stress,allcore_zstd,5.918,3.940,0.000,3.492,23.840,43.0,1387,0
90.33,stress,allcore_zstd,5.984,4.162,0.000,3.492,23.840,43.0,1880,0
90.84,stress,allcore_zstd,5.931,3.948,0.000,3.492,23.840,43.0,1237,0
91.34,stress,allcore_zstd,5.893,3.278,0.000,3.492,23.840,43.0,1681,0
91.85,stress,allcore_zstd,5.977,2.886,0.000,3.494,23.830,42.0,1277,0
92.36,stress,allcore_zstd,5.959,2.976,0.000,3.494,23.830,42.0,1500,0
92.86,stress,allcore_zstd,5.972,2.907,0.000,3.494,23.830,42.0,1360,0
93.37,stress,allcore_zstd,5.976,2.925,0.000,3.494,23.830,42.0,1280,0
93.88,stress,allcore_zstd,5.968,2.903,0.000,3.494,23.830,42.0,1463,0
94.39,stress,allcore_zstd,5.118,2.325,0.000,3.494,23.830,42.0,1214,0
94.90,stress,allcore_zstd,4.942,2.181,0.000,3.494,23.830,42.0,1779,0
95.40,stress,allcore_zstd,4.434,1.925,0.000,3.494,23.830,42.0,1893,0
95.91,stress,allcore_zstd,7.187,4.799,0.000,3.499,23.820,42.0,1550,0
96.41,stress,allcore_zstd,5.916,4.190,0.000,3.499,23.820,42.0,1713,0
96.92,stress,allcore_zstd,5.956,4.177,0.000,3.499,23.820,43.0,1713,0
97.43,stress,allcore_zstd,5.931,4.176,0.000,3.499,23.820,43.0,1850,0
97.94,stress,allcore_zstd,6.005,4.218,0.000,3.493,23.810,43.0,1793,0
98.44,stress,allcore_zstd,5.973,3.955,0.000,3.493,23.810,43.0,1744,0
98.95,stress,allcore_zstd,6.013,4.219,0.000,3.493,23.810,43.0,1588,0
99.46,stress,allcore_zstd,5.928,4.200,0.000,3.493,23.810,43.0,1697,0
99.97,stress,allcore_zstd,5.971,4.227,0.000,3.493,23.810,43.0,1696,0
100.47,stress,allcore_zstd,5.963,4.193,0.000,3.493,23.810,43.0,1697,0
100.99,stress,allcore_zstd,5.992,4.242,0.000,3.492,23.810,43.0,1685,0
101.49,stress,allcore_zstd,5.963,4.245,0.000,3.492,23.810,43.0,1688,0
102.00,stress,allcore_zstd,5.985,4.217,0.000,3.492,23.810,43.0,1627,0
102.51,stress,allcore_zstd,5.949,4.220,0.000,3.492,23.810,43.0,1699,0
103.02,stress,allcore_zstd,5.986,4.231,0.000,3.491,23.800,43.0,1687,0
103.52,stress,allcore_zstd,5.964,4.249,0.000,3.491,23.800,43.0,1695,0
104.03,stress,allcore_zstd,5.986,4.037,0.000,3.491,23.800,43.0,1590,0
104.54,stress,allcore_zstd,5.961,4.251,0.000,3.491,23.800,43.0,1643,0
105.05,stress,allcore_zstd,5.968,4.271,0.000,3.491,23.800,43.0,1650,0
105.55,stress,allcore_zstd,5.968,4.253,0.000,3.491,23.800,43.0,1596,0
106.06,stress,allcore_zstd,5.964,4.250,0.000,3.491,23.800,43.0,1626,0
106.57,stress,allcore_zstd,5.971,4.210,0.000,3.491,23.800,43.0,1627,0
107.08,stress,allcore_zstd,6.000,4.247,0.000,3.492,23.790,43.0,1530,0
107.58,stress,allcore_zstd,5.917,4.185,0.000,3.492,23.790,43.0,1661,0
108.10,stress,allcore_zstd,6.076,4.081,0.000,3.492,23.790,43.0,1385,0
108.60,stress,allcore_zstd,5.860,4.079,0.000,3.492,23.790,43.0,1700,0
109.11,stress,allcore_zstd,5.978,4.208,0.000,3.492,23.780,43.0,1667,0
109.62,stress,allcore_zstd,5.954,4.156,0.000,3.492,23.780,43.0,1713,0
110.13,stress,allcore_zstd,5.995,4.100,0.000,3.492,23.780,43.0,1684,0
110.63,stress,allcore_zstd,5.977,4.061,0.000,3.492,23.780,43.0,1634,0
111.14,stress,allcore_zstd,5.964,4.207,0.000,3.492,23.780,43.0,1690,0
111.65,stress,allcore_zstd,5.949,4.161,0.000,3.492,23.780,43.0,1689,0
112.16,stress,allcore_zstd,5.966,4.159,0.000,3.491,23.780,43.0,1647,0
112.66,stress,allcore_zstd,5.991,4.218,0.000,3.491,23.780,43.0,1637,0
113.17,stress,allcore_zstd,5.961,4.222,0.000,3.491,23.780,43.0,1693,0
113.68,stress,allcore_zstd,5.962,4.246,0.000,3.491,23.780,43.0,1683,0
114.19,stress,allcore_zstd,5.978,4.233,0.000,3.492,23.770,43.0,1678,0
114.69,stress,allcore_zstd,5.984,4.210,0.000,3.492,23.770,43.0,1586,0
115.20,stress,allcore_zstd,5.944,4.028,0.000,3.492,23.770,43.0,1700,0
115.71,stress,allcore_zstd,5.946,4.160,0.000,3.492,23.770,43.0,1743,0
116.22,stress,allcore_zstd,5.971,4.217,0.000,3.491,23.760,43.0,1774,0
116.72,stress,allcore_zstd,5.949,4.220,0.000,3.491,23.760,43.0,1754,0
117.23,stress,allcore_zstd,6.006,4.207,0.000,3.491,23.760,44.0,1694,0
117.73,stress,allcore_zstd,5.909,4.055,0.000,3.491,23.760,44.0,1760,0
118.24,stress,allcore_zstd,6.085,4.075,0.000,3.491,23.750,43.0,1584,0
118.75,stress,allcore_zstd,5.870,4.134,0.000,3.491,23.750,43.0,1750,0
119.26,stress,allcore_zstd,5.972,4.210,0.000,3.491,23.750,44.0,1830,0
119.76,stress,allcore_zstd,5.981,4.204,0.000,3.491,23.750,44.0,1732,0
120.27,stress,allcore_zstd,5.960,4.086,0.000,3.492,23.750,44.0,1790,0
120.78,stress,allcore_zstd,5.973,4.087,0.000,3.492,23.750,44.0,1803,0
121.29,stress,allcore_zstd,5.966,4.201,0.000,3.492,23.750,44.0,1747,0
121.79,stress,allcore_zstd,5.958,4.227,0.000,3.492,23.750,44.0,1889,0
122.30,stress,allcore_zstd,5.982,4.226,0.000,3.492,23.750,44.0,1827,0
122.81,stress,allcore_zstd,5.984,4.259,0.000,3.492,23.750,44.0,1779,0
123.31,stress,allcore_zstd,5.964,4.204,0.000,3.490,23.740,44.0,1796,0
123.82,stress,allcore_zstd,5.957,4.218,0.000,3.490,23.740,44.0,1770,0
124.33,stress,allcore_zstd,5.962,4.176,0.000,3.490,23.740,44.0,1807,0
124.83,stress,allcore_zstd,5.989,4.141,0.000,3.490,23.740,44.0,1787,0
125.34,stress,allcore_zstd,5.951,4.140,0.000,3.490,23.740,44.0,1835,0
125.85,stress,allcore_zstd,5.978,4.228,0.000,3.490,23.740,44.0,1749,0
126.36,stress,allcore_zstd,5.998,4.120,0.000,3.490,23.740,44.0,1779,0
126.86,stress,allcore_zstd,5.967,4.256,0.000,3.490,23.740,44.0,1684,0
127.37,stress,allcore_zstd,5.954,4.276,0.000,3.492,23.730,44.0,1782,0
127.87,stress,allcore_zstd,5.958,4.226,0.000,3.492,23.730,44.0,1759,0
128.39,stress,allcore_zstd,5.990,4.010,0.000,3.492,23.730,44.0,1777,0
128.89,stress,allcore_zstd,5.952,4.235,0.000,3.492,23.730,44.0,1776,0
129.40,stress,allcore_zstd,5.980,4.238,0.000,3.491,23.720,44.0,1779,0
129.90,stress,allcore_zstd,5.920,4.181,0.000,3.491,23.720,44.0,1885,0
130.41,stress,allcore_zstd,5.910,4.099,0.000,3.491,23.720,45.0,1805,0
130.92,stress,allcore_zstd,6.165,4.161,0.000,3.491,23.720,45.0,2085,0
131.43,stress,allcore_zstd,5.979,3.984,0.000,3.491,23.720,44.0,2122,0
131.93,stress,allcore_zstd,5.772,3.743,0.000,3.491,23.720,44.0,1351,0
132.44,stress,allcore_zstd,5.937,3.981,0.000,3.491,23.720,45.0,1581,0
132.95,stress,allcore_zstd,6.033,4.025,0.000,3.491,23.720,45.0,1477,0
133.46,stress,allcore_zstd,5.885,4.041,0.000,3.491,23.720,45.0,1380,0
133.96,stress,allcore_zstd,6.058,4.105,0.000,3.491,23.720,45.0,1308,0
134.47,stress,allcore_zstd,5.963,4.026,0.000,3.490,23.710,45.0,1327,0
134.97,stress,allcore_zstd,5.905,4.015,0.000,3.490,23.710,45.0,1376,0
135.48,stress,allcore_zstd,5.937,4.242,0.000,3.490,23.710,45.0,1397,0
135.99,stress,allcore_zstd,5.946,4.061,0.000,3.490,23.710,45.0,1295,0
136.50,stress,allcore_zstd,5.995,3.757,0.000,3.491,23.700,46.0,1041,0
137.00,stress,allcore_zstd,5.903,3.135,0.000,3.491,23.700,46.0,1063,0
137.51,stress,allcore_zstd,5.784,2.850,0.000,3.491,23.700,47.0,1159,0
138.01,stress,allcore_zstd,5.197,2.473,0.000,3.491,23.700,47.0,2361,0
138.52,stress,allcore_zstd,5.465,2.634,0.000,3.496,23.690,46.0,1196,0
139.03,stress,allcore_zstd,5.192,2.466,0.000,3.496,23.690,46.0,1038,0
139.54,stress,allcore_zstd,4.464,1.893,0.000,3.496,23.690,43.0,1546,0
140.05,stress,allcore_zstd,7.030,4.705,0.000,3.496,23.690,43.0,1690,0
140.56,stress,allcore_zstd,5.925,4.207,0.000,3.492,23.690,45.0,1790,0
141.07,stress,allcore_zstd,5.961,4.183,0.000,3.492,23.690,45.0,1800,0
141.57,stress,allcore_zstd,5.948,4.172,0.000,3.492,23.690,45.0,1821,0
142.08,stress,allcore_zstd,5.971,4.185,0.000,3.492,23.690,45.0,1793,0
142.59,stress,allcore_zstd,5.991,4.259,0.000,3.492,23.680,45.0,1800,0
143.10,stress,allcore_zstd,5.976,4.105,0.000,3.492,23.680,45.0,1722,0
143.60,stress,allcore_zstd,5.977,4.242,0.000,3.492,23.680,45.0,1683,0
144.11,stress,allcore_zstd,5.962,4.189,0.000,3.492,23.680,45.0,1730,0
144.62,stress,allcore_zstd,5.980,4.237,0.000,3.492,23.680,45.0,1676,0
145.13,stress,allcore_zstd,5.989,4.234,0.000,3.492,23.680,45.0,1647,0
145.64,stress,allcore_zstd,5.961,4.244,0.000,3.490,23.680,45.0,1671,0
146.14,stress,allcore_zstd,5.949,4.179,0.000,3.490,23.680,45.0,1700,0
146.65,stress,allcore_zstd,5.970,4.238,0.000,3.490,23.680,45.0,1713,0
147.16,stress,allcore_zstd,5.964,4.174,0.000,3.490,23.680,45.0,1746,0
147.66,stress,allcore_zstd,5.972,4.212,0.000,3.491,23.670,45.0,1746,0
148.17,stress,allcore_zstd,6.072,4.059,0.000,3.491,23.670,45.0,1433,0
148.68,stress,allcore_zstd,5.874,3.944,0.000,3.491,23.670,45.0,1706,0
149.19,stress,allcore_zstd,6.137,3.673,0.000,3.491,23.670,45.0,1228,0
149.70,stress,allcore_zstd,5.798,4.005,0.000,3.488,23.660,45.0,1661,0
150.20,stress,allcore_zstd,6.039,4.229,0.000,3.488,23.660,45.0,1484,0
150.71,stress,allcore_zstd,5.920,4.100,0.000,3.488,23.660,45.0,1618,0
151.22,stress,allcore_zstd,5.979,4.214,0.000,3.488,23.660,45.0,1612,0
151.73,stress,allcore_zstd,5.955,4.205,0.000,3.489,23.660,45.0,1627,0
152.23,stress,allcore_zstd,6.073,3.774,0.000,3.489,23.660,45.0,1332,0
152.74,stress,allcore_zstd,5.891,4.099,0.000,3.489,23.660,45.0,1588,0
153.25,stress,allcore_zstd,5.950,4.204,0.000,3.489,23.660,45.0,1640,0
153.76,stress,allcore_zstd,5.966,4.232,0.000,3.490,23.650,45.0,1672,0
154.27,stress,allcore_zstd,5.965,4.057,0.000,3.490,23.650,45.0,1698,0
154.78,stress,allcore_zstd,5.967,4.245,0.000,3.490,23.650,45.0,1682,0
155.28,stress,allcore_zstd,5.976,4.221,0.000,3.490,23.650,45.0,1615,0
155.79,stress,allcore_zstd,5.962,4.241,0.000,3.490,23.650,45.0,1685,0
156.30,stress,allcore_zstd,5.970,4.201,0.000,3.490,23.650,45.0,1645,0
156.80,stress,allcore_zstd,5.959,4.237,0.000,3.490,23.640,45.0,1700,0
157.31,stress,allcore_zstd,5.993,4.212,0.000,3.490,23.640,45.0,1595,0
157.82,stress,allcore_zstd,5.943,4.249,0.000,3.490,23.640,45.0,1703,0
158.33,stress,allcore_zstd,6.038,4.049,0.000,3.490,23.640,45.0,1463,0
158.84,stress,allcore_zstd,5.923,4.189,0.000,3.491,23.640,46.0,1628,0
159.34,stress,allcore_zstd,5.963,4.204,0.000,3.491,23.640,46.0,1643,0
159.85,stress,allcore_zstd,5.906,4.087,0.000,3.491,23.640,46.0,1775,0
160.36,stress,allcore_zstd,5.983,4.193,0.000,3.491,23.640,46.0,1757,0
160.87,stress,allcore_zstd,5.969,4.231,0.000,3.491,23.630,45.0,1769,0
161.37,stress,allcore_zstd,5.987,4.103,0.000,3.491,23.630,45.0,1782,0
161.88,stress,allcore_zstd,5.949,4.260,0.000,3.491,23.630,45.0,1804,0
162.39,stress,allcore_zstd,5.975,4.255,0.000,3.491,23.630,45.0,1741,0
162.90,stress,allcore_zstd,5.946,4.244,0.000,3.491,23.620,45.0,1797,0
163.40,stress,allcore_zstd,6.034,4.044,0.000,3.491,23.620,45.0,1682,0
163.91,stress,allcore_zstd,5.901,4.119,0.000,3.491,23.620,45.0,1835,0
164.42,stress,allcore_zstd,5.980,4.246,0.000,3.491,23.620,45.0,1729,0
164.92,stress,allcore_zstd,5.978,4.267,0.000,3.489,23.620,46.0,1713,0
165.43,stress,allcore_zstd,6.008,4.305,0.000,3.489,23.620,46.0,1669,0
165.94,stress,allcore_zstd,5.946,4.135,0.000,3.489,23.620,45.0,1742,0
166.44,stress,allcore_zstd,5.913,4.167,0.000,3.489,23.620,45.0,1852,0
166.95,stress,allcore_zstd,5.956,4.307,0.000,3.489,23.620,46.0,1740,0
167.46,stress,allcore_zstd,5.940,4.197,0.000,3.489,23.620,46.0,1860,0
167.97,stress,allcore_zstd,6.000,4.298,0.000,3.490,23.610,46.0,1734,0
168.47,stress,allcore_zstd,5.988,4.121,0.000,3.490,23.610,46.0,1850,0
168.98,stress,allcore_zstd,5.957,4.312,0.000,3.490,23.610,46.0,1690,0
169.49,stress,allcore_zstd,5.966,4.270,0.000,3.490,23.610,46.0,1668,0
170.00,stress,allcore_zstd,5.974,4.317,0.000,3.491,23.600,46.0,1897,0
170.50,stress,allcore_zstd,5.946,4.154,0.000,3.491,23.600,46.0,1833,0
171.01,stress,allcore_zstd,5.984,4.278,0.000,3.491,23.600,46.0,1924,0
171.51,stress,allcore_zstd,5.988,4.253,0.000,3.491,23.600,46.0,1878,0
172.02,stress,allcore_zstd,5.948,4.048,0.000,3.490,23.600,46.0,1708,0
172.53,stress,allcore_zstd,5.980,4.131,0.000,3.490,23.600,46.0,1823,0
173.04,stress,allcore_zstd,5.971,4.297,0.000,3.490,23.600,46.0,1705,0
173.54,stress,allcore_zstd,5.959,4.191,0.000,3.490,23.600,46.0,1697,0
174.05,stress,allcore_zstd,5.982,4.319,0.000,3.490,23.590,46.0,1887,0
174.56,stress,allcore_zstd,5.901,4.147,0.000,3.490,23.590,46.0,1575,0
175.06,stress,allcore_zstd,5.974,4.252,0.000,3.490,23.590,46.0,1813,0
175.57,stress,allcore_zstd,6.108,4.093,0.000,3.490,23.590,46.0,1462,0
176.08,stress,allcore_zstd,5.960,3.851,0.000,3.489,23.580,46.0,1503,0
176.58,stress,allcore_zstd,5.961,3.845,0.000,3.489,23.580,46.0,1491,0
177.09,stress,allcore_zstd,5.799,3.835,0.000,3.489,23.580,47.0,1757,0
177.59,stress,allcore_zstd,5.996,4.146,0.000,3.489,23.580,47.0,1709,0
178.12,stress,allcore_zstd,5.973,3.836,0.000,3.489,23.580,46.0,1940,0
178.63,stress,allcore_zstd,5.935,3.773,0.000,3.489,23.580,46.0,1315,0
179.14,stress,allcore_zstd,5.906,3.632,0.000,3.488,23.580,46.0,1275,0
179.64,stress,allcore_zstd,5.977,2.960,0.000,3.488,23.580,46.0,1442,0
180.15,stress,allcore_zstd,5.962,2.953,0.000,3.488,23.580,46.0,2040,0
180.65,stress,allcore_zstd,5.973,2.997,0.000,3.488,23.580,46.0,1232,0
181.16,stress,allcore_zstd,6.007,3.704,0.001,3.491,23.570,46.0,2235,0
181.67,stress,allcore_zstd,5.936,3.202,0.000,3.491,23.570,46.0,1448,0
182.18,stress,allcore_zstd,5.963,2.961,0.000,3.491,23.570,46.0,1299,0
182.68,stress,allcore_zstd,5.971,2.960,0.000,3.491,23.570,46.0,1504,0
183.19,stress,allcore_zstd,5.975,2.959,0.000,3.491,23.560,46.0,1313,0
183.70,stress,allcore_zstd,5.968,2.914,0.000,3.491,23.560,46.0,1504,0
184.21,stress,allcore_zstd,5.756,2.742,0.000,3.491,23.560,46.0,1235,0
184.71,stress,allcore_zstd,5.255,2.320,0.000,3.491,23.560,46.0,1383,0
185.22,stress,allcore_zstd,5.057,2.284,0.000,3.492,23.560,46.0,1222,0
185.73,stress,allcore_zstd,5.114,2.290,0.000,3.492,23.560,46.0,1197,0
186.24,stress,allcore_zstd,4.099,1.872,0.002,3.492,23.560,44.0,1568,0
186.74,stress,allcore_zstd,6.911,5.760,0.002,3.492,23.560,44.0,1248,0
187.25,stress,allcore_openssl,5.967,4.727,0.004,4.236,23.550,46.0,1296,0
187.75,stress,allcore_openssl,5.968,4.882,0.005,4.236,23.550,46.0,1263,0
188.26,stress,allcore_openssl,5.970,4.559,0.003,4.236,23.550,47.0,1285,0
188.77,stress,allcore_openssl,5.975,4.920,0.000,4.236,23.550,47.0,1251,0
189.28,stress,allcore_openssl,5.964,4.947,0.000,4.236,23.550,47.0,1297,0
189.79,stress,allcore_openssl,5.972,4.942,0.001,4.236,23.550,47.0,1300,0
190.30,stress,allcore_openssl,5.967,4.950,0.001,4.232,23.540,47.0,1294,0
190.80,stress,allcore_openssl,5.968,4.954,0.000,4.232,23.540,47.0,1261,0
191.31,stress,allcore_openssl,5.969,4.944,0.000,4.232,23.540,47.0,1298,0
191.81,stress,allcore_openssl,5.969,4.954,0.000,4.232,23.540,47.0,1258,0
192.33,stress,allcore_openssl,5.972,4.972,0.000,4.237,23.530,47.0,1285,0
192.83,stress,allcore_openssl,5.967,4.963,0.000,4.237,23.530,47.0,1300,0
193.34,stress,allcore_openssl,5.971,4.939,0.000,4.237,23.530,47.0,1300,0
193.84,stress,allcore_openssl,5.968,4.855,0.000,4.237,23.530,47.0,1252,0
194.35,stress,allcore_openssl,5.969,4.970,0.000,4.236,23.530,47.0,1299,0
194.86,stress,allcore_openssl,5.963,4.952,0.000,4.236,23.530,47.0,1294,0
195.37,stress,allcore_openssl,5.967,4.954,0.000,4.236,23.530,47.0,1299,0
195.87,stress,allcore_openssl,5.967,4.957,0.000,4.236,23.530,47.0,1307,0
196.38,stress,allcore_openssl,5.973,4.957,0.000,4.236,23.520,47.0,1394,0
196.88,stress,allcore_openssl,5.969,4.973,0.000,4.236,23.520,47.0,1289,0
197.39,stress,allcore_openssl,5.967,4.964,0.000,4.236,23.520,47.0,1382,0
197.89,stress,allcore_openssl,5.972,4.972,0.000,4.236,23.520,47.0,1391,0
198.40,stress,allcore_openssl,5.962,4.808,0.000,4.236,23.520,47.0,1399,0
198.91,stress,allcore_openssl,5.972,4.970,0.000,4.236,23.520,47.0,1344,0
199.42,stress,allcore_openssl,5.969,4.874,0.000,4.236,23.520,47.0,1397,0
199.92,stress,allcore_openssl,5.970,4.983,0.000,4.236,23.520,47.0,1303,0
200.43,stress,allcore_openssl,5.969,4.971,0.000,4.236,23.520,47.0,1310,0
200.94,stress,allcore_openssl,5.968,4.963,0.000,4.236,23.520,47.0,1349,0
201.44,stress,allcore_openssl,5.965,4.967,0.000,4.236,23.510,47.0,1393,0
201.95,stress,allcore_openssl,5.973,4.975,0.000,4.236,23.510,47.0,1307,0
202.46,stress,allcore_openssl,5.953,4.955,0.000,4.236,23.510,47.0,1441,0
202.96,stress,allcore_openssl,5.965,4.962,0.000,4.236,23.510,47.0,1461,0
203.47,stress,allcore_openssl,5.976,4.951,0.000,4.236,23.500,47.0,1418,0
203.98,stress,allcore_openssl,5.975,4.966,0.000,4.236,23.500,47.0,1438,0
204.48,stress,allcore_openssl,5.963,4.960,0.000,4.236,23.500,47.0,1500,0
204.99,stress,allcore_openssl,5.971,4.879,0.000,4.236,23.500,47.0,1413,0
205.49,stress,allcore_openssl,5.968,4.969,0.000,4.234,23.490,47.0,1476,0
206.00,stress,allcore_openssl,5.969,4.986,0.000,4.234,23.490,47.0,1440,0
206.51,stress,allcore_openssl,5.966,4.971,0.000,4.234,23.490,47.0,1416,0
207.01,stress,allcore_openssl,5.973,4.976,0.000,4.234,23.490,47.0,1434,0
207.52,stress,allcore_openssl,5.972,4.962,0.000,4.234,23.490,47.0,1490,0
208.02,stress,allcore_openssl,5.977,4.955,0.000,4.234,23.490,47.0,1390,0
208.53,stress,allcore_openssl,5.964,4.851,0.000,4.234,23.490,47.0,1474,0
209.04,stress,allcore_openssl,5.965,4.975,0.000,4.234,23.490,47.0,1484,0
209.55,stress,allcore_openssl,5.969,4.960,0.000,4.235,23.480,47.0,1424,0
210.05,stress,allcore_openssl,5.972,4.968,0.000,4.235,23.480,47.0,1434,0
210.56,stress,allcore_openssl,5.941,4.843,0.000,4.235,23.480,47.0,1633,0
211.07,stress,allcore_openssl,5.968,4.985,0.000,4.235,23.480,47.0,1638,0
211.57,stress,allcore_openssl,5.974,4.976,0.000,4.235,23.480,47.0,1572,0
212.08,stress,allcore_openssl,5.964,4.955,0.000,4.235,23.480,47.0,1613,0
212.58,stress,allcore_openssl,5.967,4.970,0.000,4.235,23.470,47.0,1688,0
213.09,stress,allcore_openssl,5.930,4.933,0.000,4.235,23.470,47.0,1782,0
213.60,stress,allcore_openssl,6.009,5.013,0.000,4.235,23.470,47.0,1636,0
214.10,stress,allcore_openssl,5.919,4.913,0.000,4.235,23.470,47.0,1714,0
214.61,stress,allcore_openssl,6.022,5.018,0.000,4.236,23.470,47.0,1630,0
215.11,stress,allcore_openssl,5.968,4.983,0.000,4.236,23.470,47.0,1628,0
215.62,stress,allcore_openssl,5.967,4.967,0.000,4.236,23.470,48.0,1685,0
216.13,stress,allcore_openssl,5.973,4.861,0.000,4.236,23.470,48.0,1629,0
216.64,stress,allcore_openssl,5.969,4.976,0.000,4.234,23.460,48.0,1659,0
217.14,stress,allcore_openssl,5.968,4.847,0.000,4.234,23.460,48.0,1601,0
217.65,stress,allcore_openssl,5.970,4.913,0.000,4.234,23.460,48.0,1662,0
218.15,stress,allcore_openssl,5.940,4.815,0.000,4.234,23.460,48.0,1612,0
218.66,stress,allcore_openssl,5.926,4.897,0.000,4.236,23.450,47.0,1863,0
219.17,stress,allcore_openssl,5.971,4.815,0.000,4.236,23.450,47.0,1942,0
219.67,stress,allcore_openssl,5.968,4.967,0.000,4.236,23.450,47.0,1800,0
220.18,stress,allcore_openssl,5.960,4.997,0.000,4.236,23.450,47.0,1796,0
220.69,stress,allcore_openssl,5.944,4.970,0.000,4.233,23.450,47.0,1950,0
221.19,stress,allcore_openssl,5.994,5.021,0.000,4.233,23.450,47.0,1898,0
221.71,stress,allcore_openssl,5.984,4.893,0.000,4.233,23.450,47.0,1890,0
222.21,stress,allcore_openssl,5.963,4.994,0.000,4.233,23.450,47.0,1950,0
222.72,stress,allcore_openssl,5.974,4.998,0.000,4.233,23.450,47.0,1950,0
223.23,stress,allcore_openssl,5.942,4.972,0.000,4.233,23.450,47.0,1899,0
223.74,stress,allcore_openssl,5.969,4.998,0.000,4.233,23.440,47.0,2000,0
224.24,stress,allcore_openssl,5.970,4.998,0.000,4.233,23.440,47.0,1922,0
224.75,stress,allcore_openssl,5.970,4.975,0.000,4.233,23.440,47.0,1900,0
225.25,stress,allcore_openssl,5.950,4.994,0.000,4.233,23.440,47.0,2047,0
225.76,stress,allcore_openssl,5.994,5.018,0.000,4.234,23.430,47.0,1900,0
226.27,stress,allcore_openssl,5.983,5.019,0.000,4.234,23.430,47.0,1946,0
226.77,stress,allcore_openssl,5.943,4.967,0.000,4.234,23.430,47.0,1947,0
227.28,stress,allcore_openssl,5.998,4.900,0.000,4.234,23.430,47.0,1900,0
227.78,stress,allcore_openssl,5.967,4.981,0.000,4.236,23.430,47.0,1950,0
228.29,stress,allcore_openssl,5.951,4.685,0.000,4.236,23.430,47.0,1849,0
228.80,stress,allcore_openssl,5.936,4.822,0.000,4.236,23.430,47.0,1950,0
229.30,stress,allcore_openssl,5.969,4.971,0.000,4.236,23.430,47.0,1950,0
229.81,stress,allcore_openssl,5.969,4.984,0.000,4.235,23.420,47.0,1950,0
230.32,stress,allcore_openssl,5.965,4.986,0.000,4.235,23.420,47.0,1954,0
230.83,stress,allcore_openssl,5.972,4.972,0.000,4.235,23.420,47.0,1943,0
231.33,stress,allcore_openssl,6.020,5.034,0.000,4.235,23.420,47.0,1950,0
231.84,stress,allcore_openssl,5.974,4.991,0.000,4.236,23.410,47.0,1940,0
232.34,stress,allcore_openssl,5.987,4.845,0.000,4.236,23.410,47.0,1850,0
232.85,stress,allcore_openssl,5.949,4.962,0.000,4.236,23.410,47.0,1950,0
233.35,stress,allcore_openssl,5.925,4.954,0.000,4.236,23.410,47.0,1996,0
233.86,stress,allcore_openssl,6.018,5.027,0.000,4.236,23.410,47.0,1942,0
234.37,stress,allcore_openssl,5.967,4.984,0.000,4.236,23.410,47.0,1900,0
234.87,stress,allcore_openssl,3.057,1.132,0.383,4.233,23.410,45.0,1612,0
235.38,stress,allcore_openssl,6.139,1.260,2.810,4.233,23.410,45.0,1694,0
235.88,stress,allcore_openssl,5.764,1.130,2.805,4.233,23.410,45.0,1989,0
236.39,stress,allcore_openssl,5.633,1.017,2.803,4.233,23.410,45.0,1728,0
236.90,stress,allcore_openssl,5.567,0.954,2.798,4.234,23.400,45.0,1620,0
237.40,stress,allcore_openssl,5.506,0.933,2.787,4.234,23.400,45.0,1044,0
237.91,stress,allcore_openssl,7.465,3.134,2.345,4.234,23.400,48.0,1793,0
238.41,stress,combined_cpu_gpu,6.434,4.479,0.423,4.234,23.400,48.0,1100,0
238.92,stress,combined_cpu_gpu,5.980,3.979,0.518,4.227,23.390,47.0,1048,0
239.43,stress,combined_cpu_gpu,5.966,4.100,0.445,4.227,23.390,47.0,1050,0
239.94,stress,combined_cpu_gpu,5.971,3.965,0.517,4.227,23.390,47.0,1050,0
240.44,stress,combined_cpu_gpu,5.976,4.055,0.425,4.227,23.390,47.0,955,0
240.95,stress,combined_cpu_gpu,5.956,4.189,0.387,4.230,23.390,47.0,1139,0
241.46,stress,combined_cpu_gpu,5.986,4.112,0.453,4.230,23.390,47.0,1037,0
241.97,stress,combined_cpu_gpu,5.961,3.986,0.512,4.230,23.390,47.0,1040,0
242.48,stress,combined_cpu_gpu,5.976,4.153,0.427,4.230,23.390,47.0,1050,0
242.99,stress,combined_cpu_gpu,5.998,3.925,0.481,4.234,23.380,47.0,838,0
243.49,stress,combined_cpu_gpu,5.936,3.945,0.513,4.234,23.380,47.0,1050,0
244.00,stress,combined_cpu_gpu,5.966,3.982,0.521,4.234,23.380,48.0,1041,0
244.51,stress,combined_cpu_gpu,5.958,4.047,0.446,4.234,23.380,48.0,1098,0
245.02,stress,combined_cpu_gpu,5.973,4.208,0.381,4.234,23.380,48.0,1055,0
245.53,stress,combined_cpu_gpu,5.963,4.024,0.482,4.234,23.380,48.0,1061,0
246.04,stress,combined_cpu_gpu,5.973,4.208,0.388,4.233,23.370,47.0,1150,0
246.55,stress,combined_cpu_gpu,5.976,4.212,0.394,4.233,23.370,47.0,1100,0
247.05,stress,combined_cpu_gpu,5.958,4.167,0.407,4.233,23.370,48.0,1146,0
247.56,stress,combined_cpu_gpu,5.974,3.982,0.513,4.233,23.370,48.0,1099,0
248.07,stress,combined_cpu_gpu,5.960,4.018,0.459,4.232,23.370,47.0,1244,0
248.59,stress,combined_cpu_gpu,5.979,3.888,0.492,4.232,23.370,47.0,1091,0
249.11,stress,combined_cpu_gpu,5.970,3.965,0.509,4.232,23.370,47.0,1100,0
249.61,stress,combined_cpu_gpu,5.972,3.966,0.517,4.232,23.370,47.0,1093,0
250.12,stress,combined_cpu_gpu,5.967,3.992,0.496,4.233,23.360,48.0,1146,0
250.63,stress,combined_cpu_gpu,5.959,4.112,0.430,4.233,23.360,48.0,1156,0
251.14,stress,combined_cpu_gpu,5.980,4.150,0.418,4.233,23.360,48.0,1097,0
251.64,stress,combined_cpu_gpu,5.969,4.003,0.497,4.233,23.360,48.0,1097,0
252.15,stress,combined_cpu_gpu,5.977,4.118,0.424,4.233,23.350,48.0,1050,0
252.65,stress,combined_cpu_gpu,5.957,4.067,0.363,4.233,23.350,48.0,1132,0
253.16,stress,combined_cpu_gpu,5.973,4.035,0.487,4.233,23.350,48.0,1092,0
253.67,stress,combined_cpu_gpu,5.969,3.982,0.513,4.233,23.350,48.0,1093,0
254.18,stress,combined_cpu_gpu,5.955,3.897,0.524,4.230,23.340,48.0,1248,0
254.68,stress,combined_cpu_gpu,5.967,4.019,0.499,4.230,23.340,48.0,1290,0
255.19,stress,combined_cpu_gpu,5.977,3.981,0.516,4.230,23.340,48.0,1172,0
255.70,stress,combined_cpu_gpu,5.962,3.975,0.519,4.230,23.340,48.0,1246,0
256.21,stress,combined_cpu_gpu,5.966,4.123,0.427,4.230,23.340,48.0,1293,0
256.72,stress,combined_cpu_gpu,5.975,3.976,0.523,4.230,23.340,48.0,1221,0
257.23,stress,combined_cpu_gpu,5.958,3.973,0.514,4.233,23.340,48.0,1300,0
257.73,stress,combined_cpu_gpu,5.969,3.945,0.529,4.233,23.340,48.0,1275,0
258.24,stress,combined_cpu_gpu,5.985,3.793,0.456,4.233,23.340,48.0,1289,0
258.75,stress,combined_cpu_gpu,5.964,3.924,0.531,4.233,23.340,48.0,1251,0
259.26,stress,combined_cpu_gpu,5.969,4.074,0.459,4.232,23.330,48.0,1234,0
259.76,stress,combined_cpu_gpu,5.975,3.967,0.496,4.232,23.330,48.0,1197,0
260.27,stress,combined_cpu_gpu,5.955,4.015,0.496,4.232,23.330,48.0,1239,0
260.78,stress,combined_cpu_gpu,5.988,3.954,0.536,4.232,23.330,48.0,1151,0
261.29,stress,combined_cpu_gpu,5.960,3.919,0.550,4.233,23.320,48.0,1185,0
261.79,stress,combined_cpu_gpu,5.949,3.914,0.545,4.233,23.320,48.0,1360,0
262.30,stress,combined_cpu_gpu,5.969,3.923,0.553,4.233,23.320,48.0,1333,0
262.80,stress,combined_cpu_gpu,5.976,3.942,0.545,4.233,23.320,48.0,1366,0
263.31,stress,combined_cpu_gpu,5.946,3.944,0.521,4.233,23.320,48.0,1484,0
263.81,stress,combined_cpu_gpu,5.983,4.070,0.458,4.233,23.320,48.0,1377,0
264.33,stress,combined_cpu_gpu,5.968,3.963,0.514,4.233,23.320,48.0,1374,0
264.83,stress,combined_cpu_gpu,5.966,3.861,0.508,4.233,23.320,48.0,1448,0
265.34,stress,combined_cpu_gpu,5.968,4.162,0.362,4.233,23.310,48.0,1432,0
265.84,stress,combined_cpu_gpu,5.966,4.106,0.392,4.233,23.310,48.0,1334,0
266.35,stress,combined_cpu_gpu,5.974,4.152,0.404,4.233,23.310,48.0,1483,0
266.86,stress,combined_cpu_gpu,5.958,4.171,0.385,4.233,23.310,48.0,1492,0
267.37,stress,combined_cpu_gpu,5.980,3.966,0.472,4.233,23.310,48.0,1445,0
267.87,stress,combined_cpu_gpu,5.971,4.125,0.405,4.233,23.310,48.0,1373,0
268.38,stress,combined_cpu_gpu,5.971,3.780,0.475,4.232,23.300,48.0,1373,0
268.89,stress,combined_cpu_gpu,5.960,3.899,0.536,4.232,23.300,48.0,1436,0
269.40,stress,combined_cpu_gpu,5.972,3.973,0.504,4.232,23.300,48.0,1405,0
269.91,stress,combined_cpu_gpu,5.910,3.829,0.550,4.232,23.300,48.0,1583,0
270.41,stress,combined_cpu_gpu,6.009,3.916,0.538,4.233,23.300,48.0,1547,0
270.92,stress,combined_cpu_gpu,5.902,3.900,0.478,4.233,23.300,48.0,1700,0
271.43,stress,combined_cpu_gpu,6.028,4.159,0.427,4.233,23.300,48.0,1650,0
271.93,stress,combined_cpu_gpu,5.986,4.176,0.401,4.233,23.300,48.0,1556,0
272.44,stress,combined_cpu_gpu,5.972,3.967,0.500,4.230,23.290,48.0,1558,0
272.94,stress,combined_cpu_gpu,5.973,3.942,0.511,4.230,23.290,48.0,1513,0
273.45,stress,combined_cpu_gpu,5.916,3.887,0.519,4.230,23.290,48.0,1648,0
273.96,stress,combined_cpu_gpu,5.943,4.086,0.420,4.230,23.290,48.0,1847,0
274.47,stress,combined_cpu_gpu,6.034,4.215,0.395,4.233,23.280,48.0,1610,0
274.97,stress,combined_cpu_gpu,5.974,3.908,0.536,4.233,23.280,48.0,1550,0
275.48,stress,combined_cpu_gpu,5.962,4.008,0.479,4.233,23.280,48.0,1613,0
275.99,stress,combined_cpu_gpu,5.913,3.798,0.503,4.233,23.280,48.0,1749,0
276.50,stress,combined_cpu_gpu,6.030,4.131,0.437,4.233,23.270,48.0,1560,0
277.00,stress,combined_cpu_gpu,5.971,3.958,0.497,4.233,23.270,48.0,1550,0
277.51,stress,combined_cpu_gpu,5.961,4.027,0.448,4.233,23.270,49.0,1490,0
278.01,stress,combined_cpu_gpu,5.974,4.059,0.434,4.233,23.270,49.0,1550,0
278.53,stress,combined_cpu_gpu,5.948,3.870,0.484,4.233,23.270,48.0,1537,0
279.03,stress,combined_cpu_gpu,5.938,3.851,0.542,4.233,23.270,48.0,1626,0
279.54,stress,combined_cpu_gpu,5.965,3.900,0.539,4.233,23.270,48.0,1681,0
280.04,stress,combined_cpu_gpu,6.021,3.939,0.490,4.233,23.270,48.0,1623,0
280.55,stress,combined_cpu_gpu,5.942,4.088,0.416,4.233,23.270,48.0,1750,0
281.06,stress,combined_cpu_gpu,6.006,3.923,0.527,4.233,23.270,48.0,1439,0
281.56,stress,combined_cpu_gpu,5.967,3.695,0.533,4.232,23.260,48.0,1613,0
282.07,stress,combined_cpu_gpu,5.909,3.874,0.521,4.232,23.260,48.0,1636,0
282.58,stress,combined_cpu_gpu,5.971,3.901,0.537,4.232,23.260,48.0,1647,0
283.08,stress,combined_cpu_gpu,5.974,3.985,0.492,4.232,23.260,48.0,1685,0
283.59,stress,combined_cpu_gpu,5.955,4.098,0.415,4.233,23.260,48.0,1800,0
284.10,stress,combined_cpu_gpu,5.958,4.087,0.433,4.233,23.260,48.0,1750,0
284.61,stress,combined_cpu_gpu,5.976,4.075,0.399,4.233,23.260,48.0,1735,0
285.12,stress,combined_cpu_gpu,5.987,4.004,0.484,4.233,23.260,48.0,1695,0
285.63,stress,combined_cpu_gpu,6.027,3.996,0.509,4.232,23.250,48.0,1563,0
286.13,stress,combined_cpu_gpu,4.287,1.889,0.718,4.232,23.250,48.0,751,0
286.64,stress,recovery,1.120,0.324,0.000,4.232,23.250,49.0,843,0
287.15,stress,recovery,0.902,0.241,0.002,4.232,23.250,49.0,753,0
287.65,stress,recovery,0.466,0.035,0.007,4.268,23.240,45.0,998,0
288.16,stress,recovery,1.174,0.423,0.005,4.268,23.240,45.0,1068,0
288.67,stress,recovery,0.571,0.036,0.003,4.268,23.240,45.0,540,0
289.17,stress,recovery,0.734,0.035,0.001,4.268,23.240,45.0,710,0
289.68,stress,recovery,0.887,0.176,0.001,4.268,23.240,45.0,937,0
290.19,stress,recovery,0.408,0.038,0.000,4.268,23.240,45.0,1100,0
290.70,stress,recovery,0.337,0.021,0.000,4.270,23.240,45.0,658,0
291.20,stress,recovery,0.514,0.042,0.000,4.270,23.240,45.0,797,0
291.71,stress,recovery,0.442,0.029,0.000,4.270,23.240,45.0,711,0
292.22,stress,recovery,0.625,0.053,0.000,4.270,23.240,45.0,663,0
292.73,stress,recovery,0.448,0.037,0.000,4.264,23.240,45.0,639,0
293.24,stress,recovery,0.519,0.068,0.000,4.264,23.240,45.0,529,0
293.75,stress,recovery,0.428,0.031,0.000,4.264,23.240,44.0,599,0
294.25,stress,recovery,0.499,0.042,0.000,4.264,23.240,44.0,967,0
294.76,stress,recovery,0.376,0.019,0.000,4.270,23.240,44.0,763,0
295.27,stress,recovery,0.592,0.092,0.000,4.270,23.240,44.0,841,0
295.78,stress,recovery,0.384,0.021,0.000,4.270,23.240,44.0,633,0
296.28,stress,recovery,0.434,0.042,0.000,4.270,23.240,44.0,1083,0
296.79,stress,recovery,0.332,0.016,0.000,4.274,23.230,44.0,649,0
297.30,stress,recovery,0.716,0.069,0.000,4.274,23.230,44.0,1123,0
297.81,stress,recovery,0.359,0.012,0.000,4.274,23.230,43.0,659,0
298.31,stress,recovery,1.187,0.409,0.000,4.274,23.230,43.0,658,0
298.82,stress,recovery,0.314,0.013,0.000,4.271,23.230,43.0,691,0
299.33,stress,recovery,0.607,0.054,0.000,4.271,23.230,43.0,668,0
299.84,stress,recovery,0.405,0.021,0.000,4.271,23.230,43.0,764,0
300.35,stress,recovery,0.441,0.035,0.000,4.271,23.230,43.0,640,0
300.86,stress,recovery,0.324,0.009,0.000,4.271,23.230,43.0,806,0
301.36,stress,recovery,0.629,0.059,0.000,4.271,23.230,43.0,620,0
301.87,stress,recovery,0.394,0.017,0.000,4.275,23.230,43.0,1053,0
302.38,stress,recovery,0.619,0.095,0.000,4.275,23.230,43.0,573,0
302.89,stress,recovery,0.342,0.013,0.000,4.275,23.230,43.0,1182,0
303.39,stress,recovery,0.356,0.029,0.000,4.275,23.230,43.0,587,0
303.90,stress,recovery,0.395,0.015,0.000,4.274,23.230,43.0,976,0
304.41,stress,recovery,0.393,0.032,0.000,4.274,23.230,43.0,605,0
304.92,stress,recovery,0.682,0.012,0.000,4.274,23.230,43.0,561,0
305.43,stress,recovery,0.375,0.028,0.000,4.274,23.230,43.0,656,0
305.94,stress,recovery,0.339,0.012,0.000,4.276,23.220,43.0,661,0
306.44,stress,recovery,0.459,0.029,0.000,4.276,23.220,43.0,663,0
306.95,stress,recovery,0.338,0.012,0.000,4.276,23.220,42.0,670,0
307.46,stress,recovery,0.672,0.062,0.000,4.276,23.220,42.0,698,0
307.97,stress,recovery,0.301,0.009,0.000,4.272,23.220,42.0,645,0
308.47,stress,recovery,1.278,0.449,0.000,4.272,23.220,42.0,649,0
308.98,stress,recovery,0.365,0.014,0.000,4.272,23.220,42.0,678,0
309.49,stress,recovery,0.354,0.023,0.000,4.272,23.220,42.0,755,0
310.00,stress,recovery,0.336,0.015,0.000,4.275,23.220,42.0,916,0
310.51,stress,recovery,0.534,0.030,0.000,4.275,23.220,42.0,1094,0
311.02,stress,recovery,0.310,0.011,0.000,4.275,23.220,42.0,1098,0
311.52,stress,recovery,0.517,0.035,0.000,4.275,23.220,42.0,1176,0
312.03,stress,recovery,0.323,0.012,0.000,4.275,23.220,42.0,748,0
312.54,stress,recovery,0.703,0.087,0.000,4.275,23.220,42.0,818,0
313.05,stress,recovery,0.283,0.010,0.000,4.276,23.220,42.0,628,0
313.56,stress,recovery,0.527,0.040,0.000,4.276,23.220,42.0,672,0
314.06,stress,recovery,0.356,0.013,0.000,4.276,23.220,42.0,646,0
314.57,stress,recovery,0.666,0.083,0.000,4.276,23.220,42.0,588,0
315.08,stress,recovery,0.339,0.013,0.000,4.277,23.210,41.0,779,0
315.59,stress,recovery,0.723,0.105,0.000,4.277,23.210,41.0,792,0
316.09,stress,recovery,0.637,0.052,0.000,4.277,23.210,42.0,1297,0
