1789793941.156501	ref	settle
1789793956.168658	cool	wait
1789793962.235748	4/4(12/4)	idle
1789793977.273506	4/4(12/4)	pdf_render
1789793992.472215	4/4(12/4)	gap
1789793996.508522	4/4(12/4)	pdf_render
1789794011.771819	4/4(12/4)	gap
1789794015.808515	4/4(12/4)	office
1789794018.304609	4/4(12/4)	gap
1789794022.337568	4/4(12/4)	office
1789794024.795470	4/4(12/4)	gap
1789794028.835517	4/4(12/4)	python
1789794031.554711	4/4(12/4)	gap
1789794035.590615	4/4(12/4)	python
1789794038.323216	4/4(12/4)	gap
1789794042.355135	4/4(12/4)	compress
1789794052.874599	4/4(12/4)	gap
1789794056.910485	4/4(12/4)	compress
1789794067.565246	4/4(12/4)	gap
1789794071.617509	4/4(12/4)	sustained40s
1789794114.223057	4/4(12/4)	end
1789794122.230498	cool	wait
1789794128.286432	5/5(12/5)	idle
1789794143.324630	5/5(12/5)	pdf_render
1789794158.664001	5/5(12/5)	gap
1789794162.690580	5/5(12/5)	pdf_render
1789794177.939765	5/5(12/5)	gap
1789794181.976632	5/5(12/5)	office
1789794184.445437	5/5(12/5)	gap
1789794188.472465	5/5(12/5)	office
1789794190.950014	5/5(12/5)	gap
1789794194.991821	5/5(12/5)	python
1789794197.662981	5/5(12/5)	gap
1789794201.687558	5/5(12/5)	python
1789794204.454347	5/5(12/5)	gap
1789794208.488959	5/5(12/5)	compress
1789794216.263686	5/5(12/5)	gap
1789794220.298647	5/5(12/5)	compress
1789794228.001677	5/5(12/5)	gap
1789794232.047840	5/5(12/5)	sustained40s
1789794272.029995	5/5(12/5)	end
1789794280.037006	cool	wait
1789794286.091912	6/6(12/6)	idle
1789794301.130235	6/6(12/6)	pdf_render
1789794316.514507	6/6(12/6)	gap
1789794320.541270	6/6(12/6)	pdf_render
1789794336.024232	6/6(12/6)	gap
1789794340.063799	6/6(12/6)	office
1789794342.512189	6/6(12/6)	gap
1789794346.536973	6/6(12/6)	office
1789794348.965802	6/6(12/6)	gap
1789794352.999515	6/6(12/6)	python
1789794355.750530	6/6(12/6)	gap
1789794359.781824	6/6(12/6)	python
1789794362.478681	6/6(12/6)	gap
1789794366.512730	6/6(12/6)	compress
1789794372.828805	6/6(12/6)	gap
1789794376.865112	6/6(12/6)	compress
1789794383.109524	6/6(12/6)	gap
1789794387.155215	6/6(12/6)	sustained40s
1789794430.491797	6/6(12/6)	end
1789794438.498562	cool	wait
1789794456.623965	4/8(12/8)	idle
1789794471.665633	4/8(12/8)	pdf_render
1789794487.177923	4/8(12/8)	gap
1789794491.208485	4/8(12/8)	pdf_render
1789794506.519045	4/8(12/8)	gap
1789794510.559022	4/8(12/8)	office
1789794513.046761	4/8(12/8)	gap
1789794517.071125	4/8(12/8)	office
1789794519.500715	4/8(12/8)	gap
1789794523.534038	4/8(12/8)	python
1789794526.235787	4/8(12/8)	gap
1789794530.260532	4/8(12/8)	python
1789794532.909837	4/8(12/8)	gap
1789794536.945590	4/8(12/8)	compress
1789794541.515334	4/8(12/8)	gap
1789794545.553240	4/8(12/8)	compress
1789794550.356313	4/8(12/8)	gap
1789794554.402011	4/8(12/8)	sustained40s
1789794595.779148	4/8(12/8)	end
1789794603.786108	cool	wait
1789794609.854283	5/8(12/8)	idle
1789794624.890292	5/8(12/8)	pdf_render
1789794639.862709	5/8(12/8)	gap
1789794643.889225	5/8(12/8)	pdf_render
1789794658.841717	5/8(12/8)	gap
1789794662.884487	5/8(12/8)	office
1789794665.348380	5/8(12/8)	gap
1789794669.382322	5/8(12/8)	office
1789794671.831368	5/8(12/8)	gap
1789794675.874090	5/8(12/8)	python
1789794678.605775	5/8(12/8)	gap
1789794682.639534	5/8(12/8)	python
1789794685.302272	5/8(12/8)	gap
1789794689.341055	5/8(12/8)	compress
1789794694.097221	5/8(12/8)	gap
1789794698.136895	5/8(12/8)	compress
1789794702.977885	5/8(12/8)	gap
1789794707.019192	5/8(12/8)	sustained40s
1789794749.787412	5/8(12/8)	end
1789794757.794673	cool	wait
1789794779.948936	6/8(12/8)	idle
1789794794.990998	6/8(12/8)	pdf_render
1789794809.958950	6/8(12/8)	gap
1789794813.993605	6/8(12/8)	pdf_render
1789794829.368531	6/8(12/8)	gap
1789794833.411130	6/8(12/8)	office
1789794835.793773	6/8(12/8)	gap
1789794839.824540	6/8(12/8)	office
1789794842.274257	6/8(12/8)	gap
1789794846.326772	6/8(12/8)	python
1789794849.101482	6/8(12/8)	gap
1789794853.127880	6/8(12/8)	python
1789794855.955821	6/8(12/8)	gap
1789794859.993390	6/8(12/8)	compress
1789794864.924184	6/8(12/8)	gap
1789794868.966740	6/8(12/8)	compress
1789794873.826129	6/8(12/8)	gap
1789794877.877609	6/8(12/8)	sustained40s
1789794922.689992	6/8(12/8)	end
1789794930.696567	cool	wait
1789794966.926300	8/8(12/8)	idle
1789794981.971061	8/8(12/8)	pdf_render
1789794997.331114	8/8(12/8)	gap
1789795001.368194	8/8(12/8)	pdf_render
1789795016.812721	8/8(12/8)	gap
1789795020.855762	8/8(12/8)	office
1789795023.286508	8/8(12/8)	gap
1789795027.310067	8/8(12/8)	office
1789795029.789326	8/8(12/8)	gap
1789795033.829276	8/8(12/8)	python
1789795036.449969	8/8(12/8)	gap
1789795040.487251	8/8(12/8)	python
1789795043.172700	8/8(12/8)	gap
1789795047.210021	8/8(12/8)	compress
1789795051.979067	8/8(12/8)	gap
1789795056.024621	8/8(12/8)	compress
1789795060.873710	8/8(12/8)	gap
1789795064.923311	8/8(12/8)	sustained40s
1789795107.977093	8/8(12/8)	end
1789795115.983682	cool	wait
1789795156.236268	8/8@balance_power(12/8)	idle
1789795171.279130	8/8@balance_power(12/8)	pdf_render
1789795181.186891	8/8@balance_power(12/8)	gap
1789795185.222592	8/8@balance_power(12/8)	pdf_render
1789795195.136433	8/8@balance_power(12/8)	gap
1789795199.172798	8/8@balance_power(12/8)	office
1789795200.992761	8/8@balance_power(12/8)	gap
1789795205.019709	8/8@balance_power(12/8)	office
1789795206.736630	8/8@balance_power(12/8)	gap
1789795210.769088	8/8@balance_power(12/8)	python
1789795212.281785	8/8@balance_power(12/8)	gap
1789795216.310686	8/8@balance_power(12/8)	python
1789795217.819329	8/8@balance_power(12/8)	gap
1789795221.858232	8/8@balance_power(12/8)	compress
1789795226.504696	8/8@balance_power(12/8)	gap
1789795230.542467	8/8@balance_power(12/8)	compress
1789795235.282079	8/8@balance_power(12/8)	gap
1789795239.327081	8/8@balance_power(12/8)	sustained40s
1789795281.414647	8/8@balance_power(12/8)	end
1789795289.421161	cool	wait
1789795331.672006	8/12(12/12)	idle
1789795346.712257	8/12(12/12)	pdf_render
1789795362.041801	8/12(12/12)	gap
1789795366.079898	8/12(12/12)	pdf_render
1789795381.383972	8/12(12/12)	gap
1789795385.421248	8/12(12/12)	office
1789795387.838890	8/12(12/12)	gap
1789795391.863561	8/12(12/12)	office
1789795394.319067	8/12(12/12)	gap
1789795398.359183	8/12(12/12)	python
1789795401.029721	8/12(12/12)	gap
1789795405.053680	8/12(12/12)	python
1789795407.667568	8/12(12/12)	gap
1789795411.701675	8/12(12/12)	compress
1789795415.722700	8/12(12/12)	gap
1789795419.757277	8/12(12/12)	compress
1789795423.566670	8/12(12/12)	gap
1789795427.614503	8/12(12/12)	sustained40s
1789795468.115789	8/12(12/12)	end
1789795476.123162	cool	wait
1789795534.465141	8/15(12/15)	idle
1789795549.506140	8/15(12/15)	pdf_render
1789795564.865380	8/15(12/15)	gap
1789795568.902076	8/15(12/15)	pdf_render
1789795583.996141	8/15(12/15)	gap
1789795588.038787	8/15(12/15)	office
1789795590.471323	8/15(12/15)	gap
1789795594.499717	8/15(12/15)	office
1789795596.977249	8/15(12/15)	gap
1789795601.017868	8/15(12/15)	python
1789795603.613724	8/15(12/15)	gap
1789795607.647047	8/15(12/15)	python
1789795610.312235	8/15(12/15)	gap
1789795614.349547	8/15(12/15)	compress
1789795618.179073	8/15(12/15)	gap
1789795622.212788	8/15(12/15)	compress
1789795626.185162	8/15(12/15)	gap
1789795630.236219	8/15(12/15)	sustained40s
1789795670.824112	8/15(12/15)	end
1789795678.832298	cool	wait
1789795737.162562	10/10(12/10)	idle
1789795752.199501	10/10(12/10)	pdf_render
1789795767.265582	10/10(12/10)	gap
1789795771.300506	10/10(12/10)	pdf_render
1789795786.625791	10/10(12/10)	gap
1789795790.667955	10/10(12/10)	office
1789795793.082547	10/10(12/10)	gap
1789795797.107366	10/10(12/10)	office
1789795799.572493	10/10(12/10)	gap
1789795803.605256	10/10(12/10)	python
1789795806.302630	10/10(12/10)	gap
1789795810.333640	10/10(12/10)	python
1789795813.078215	10/10(12/10)	gap
1789795817.121791	10/10(12/10)	compress
1789795821.294200	10/10(12/10)	gap
1789795825.339083	10/10(12/10)	compress
1789795829.442983	10/10(12/10)	gap
1789795833.489109	10/10(12/10)	sustained40s
1789795874.237887	10/10(12/10)	end
1789795882.244465	cool	wait
1789795934.525158	12/12(12/12)	idle
1789795949.567164	12/12(12/12)	pdf_render
1789795964.496489	12/12(12/12)	gap
1789795968.526969	12/12(12/12)	pdf_render
1789795983.829703	12/12(12/12)	gap
1789795987.871686	12/12(12/12)	office
1789795990.336172	12/12(12/12)	gap
1789795994.370057	12/12(12/12)	office
1789795996.850547	12/12(12/12)	gap
1789796000.888927	12/12(12/12)	python
1789796003.545803	12/12(12/12)	gap
1789796007.569943	12/12(12/12)	python
1789796010.269235	12/12(12/12)	gap
1789796014.311224	12/12(12/12)	compress
1789796018.197518	12/12(12/12)	gap
1789796022.237606	12/12(12/12)	compress
1789796026.246480	12/12(12/12)	gap
1789796030.297059	12/12(12/12)	sustained40s
1789796072.577749	12/12(12/12)	end
1789796080.585092	cool	wait
1789796146.915829	fw(12/21)	idle
1789796161.961054	fw(12/21)	pdf_render
1789796177.134799	fw(12/21)	gap
1789796181.174362	fw(12/21)	pdf_render
1789796196.613792	fw(12/21)	gap
1789796200.656563	fw(12/21)	office
1789796203.137339	fw(12/21)	gap
1789796207.163252	fw(12/21)	office
1789796209.575490	fw(12/21)	gap
1789796213.613834	fw(12/21)	python
1789796216.312681	fw(12/21)	gap
1789796220.354620	fw(12/21)	python
1789796223.081102	fw(12/21)	gap
1789796227.122280	fw(12/21)	compress
1789796231.009147	fw(12/21)	gap
1789796235.065056	fw(12/21)	compress
1789796238.884747	fw(12/21)	gap
1789796242.931822	fw(12/21)	sustained40s
1789796284.208837	fw(12/21)	end
