1789818273.285723	26937773873	8758852211	128624243	4999000	20550000	7496000	34000	1360455	0	1700322	0
1789818273.795559	26938851019	8759255469	128628576	4999000	20550000	7496000	34000	831781	0	1700340	0
1789818274.302155	26939914981	8759752599	128628576	4996000	20540000	7491000	34000	1127776	0	2200821	0
1789818274.814657	26940241640	8759794042	128631323	4996000	20540000	7491000	34000	837250	0	1534869	0
1789818275.321127	26940512208	8759813207	128633337	4996000	20540000	7491000	34000	641370	0	1500000	0
1789818275.834180	26940827149	8759846837	128634497	4996000	20540000	7491000	34000	855986	0	1458503	0
1789818276.342027	26941099182	8759867589	128635534	4996000	20540000	7491000	34000	1022197	0	1564411	0
1789818276.854525	26941387878	8759892674	128637060	4996000	20540000	7491000	34000	761017	0	1525288	0
1789818277.363150	26941679076	8759909337	128637060	4999000	20540000	7495000	34000	935894	0	1700101	0
1789818277.875114	26942002866	8759929539	128637060	4999000	20540000	7495000	34000	870052	0	1461875	0
1789818278.384019	26942263364	8759945592	128637060	4999000	20540000	7495000	34000	956020	0	1443818	0
1789818278.897130	26942580501	8759979405	128637060	4999000	20540000	7495000	34000	855190	0	1504349	0
1789818279.405065	26942883113	8759994359	128637060	4999000	20530000	7496000	34000	788538	0	1477419	0
1789818279.917795	26943259455	8760026402	128637060	4999000	20530000	7496000	34000	753040	0	1548193	0
1789818280.426094	26943508233	8760041661	128637060	4999000	20530000	7496000	34000	898407	0	1352298	0
1789818280.939115	26943791436	8760071690	128637060	4999000	20530000	7496000	34000	856148	0	1459306	0
1789818281.448051	26944049065	8760085850	128637060	4999000	20530000	7495000	34000	1094663	0	1483590	0
1789818281.959966	26944355155	8760122044	128637060	4999000	20530000	7495000	34000	870929	0	1462696	0
1789818282.467791	26944617300	8760140354	128637060	4999000	20530000	7495000	34000	692060	0	1536114	0
1789818282.979037	26944901174	8760170383	128637060	4999000	20530000	7495000	34000	680133	0	1540976	0
1789818283.487618	26945225636	8760184605	128637060	5001000	20530000	7498000	34000	684134	0	1521154	0
1789818283.997407	26945511646	8760216160	128637060	5001000	20530000	7498000	34000	1027172	0	1555996	0
1789818284.503432	26946092028	8760410800	128637060	5001000	20530000	7498000	34000	665714	0	1520018	0
1789818285.011983	26946346788	8760435581	128637060	5001000	20530000	7498000	34000	1194910	0	1400135	0
1789818285.520019	26946584581	8760452243	128637060	5001000	20520000	7499000	34000	1021842	0	1522096	0
1789818286.028342	26946858200	8760478122	128637060	5001000	20520000	7499000	34000	1016344	0	1465533	0
1789818286.534565	26947088547	8760487338	128637060	5001000	20520000	7499000	34000	1121224	0	1542266	0
1789818287.046243	26947355208	8760512485	128637060	5001000	20520000	7499000	34000	590116	0	1428537	0
1789818287.552615	26947594771	8760521884	128637060	5001000	20520000	7498000	34000	922815	0	1404617	0
1789818288.064368	26947862714	8760549167	128637060	5001000	20520000	7498000	34000	970642	0	1321309	0
1789818288.570542	26948200909	8760601962	128637060	5001000	20520000	7498000	34000	801119	0	1550291	0
1789818289.079699	26948655254	8760674044	128637060	5001000	20520000	7498000	34000	961265	0	1599959	0
1789818289.586948	26949213053	8760865023	128637060	5001000	20520000	7498000	34000	789895	0	1474632	0
1789818290.098761	26949526223	8760897799	128637060	5001000	20520000	7498000	34000	749895	0	1414694	0
1789818290.604518	26949776955	8760908724	128637060	4998000	20510000	7494000	34000	689789	0	1441966	0
1789818291.114618	26950071510	8760939180	128637060	4998000	20510000	7494000	34000	923316	0	1500052	0
1789818291.620584	26950322181	8760952852	128637060	4998000	20510000	7494000	34000	970782	0	1499969	0
1789818292.129955	26950599768	8760982759	128637060	4998000	20510000	7494000	34000	1099864	0	1420902	0
1789818292.637489	26950845007	8760992708	128637060	4998000	20510000	7494000	34000	1096199	0	1430183	0
1789818293.149153	26951147923	8761028047	128637060	4998000	20510000	7494000	34000	987875	0	1548099	0
1789818293.654512	26951597080	8761087190	128637060	4998000	20510000	7494000	34000	1122042	0	1457777	0
1789818294.164036	26952888336	8761774627	128637060	4998000	20510000	7494000	34000	1098182	0	3100000	0
1789818294.669468	26954004911	8762378752	128637060	4972000	20510000	7455000	35000	1264680	0	3100000	0
1789818295.179222	26955297449	8763077847	128637060	4972000	20510000	7455000	35000	847044	0	3100000	0
1789818295.684140	26957355061	8764181604	128638220	4972000	20510000	7455000	38000	1204709	0	3029808	0
1789818296.192987	26959940931	8765844991	128640295	4972000	20510000	7455000	38000	1277699	0	3099968	0
1789818296.696916	26962498602	8767398881	128641272	4968000	20500000	7449000	38000	1029650	0	2949256	0
1789818297.206079	26965437193	8769166454	128642676	4968000	20500000	7449000	38000	1844372	0	3099968	0
1789818297.710737	26968626944	8771026435	128644079	4968000	20500000	7449000	37000	1255382	0	3100000	0
1789818298.218680	26971020980	8772383548	128644079	4968000	20500000	7449000	37000	1519858	0	3100031	0
1789818298.723806	26973173013	8773850219	128645178	4975000	20490000	7459000	39000	2308479	0	3016989	0
1789818299.231996	26975821688	8775458247	128646826	4975000	20490000	7459000	39000	1419003	0	3100000	0
1789818299.737914	26978379299	8777002555	128646826	4975000	20490000	7459000	39000	1287553	0	3100000	0
1789818300.245600	26981069966	8778540637	128646826	4975000	20490000	7459000	39000	1302586	0	3100031	0
1789818300.750954	26983172988	8779736312	128646826	4975000	20490000	7459000	38000	1805666	0	3040500	0
1789818301.257652	26985398995	8781217754	128646826	4975000	20490000	7459000	38000	2138437	0	3100000	0
1789818301.761992	26988070131	8782863319	128646826	4972000	20490000	7455000	39000	1475888	0	3100031	0
1789818302.269527	26990731684	8784442599	128646826	4972000	20490000	7455000	39000	1254346	0	3044772	0
1789818302.774298	26993266712	8785926116	128646826	4972000	20490000	7455000	39000	1493145	0	3100000	0
1789818303.283874	26995400068	8787149379	128646826	4972000	20490000	7455000	39000	1813834	0	3100031	0
1789818303.789039	26997550698	8788608299	128646826	4967000	20480000	7447000	39000	1372484	0	3100000	0
1789818304.297593	27000765167	8790523638	128646826	4967000	20480000	7447000	39000	1888004	0	2960092	0
1789818304.802050	27003384606	8792119642	128646826	4967000	20480000	7447000	40000	1292629	0	3061106	0
1789818305.311692	27006520279	8793965646	128646826	4967000	20480000	7447000	40000	1445856	0	2600000	0
1789818305.816879	27009371651	8795499089	128646826	4971000	20470000	7454000	38000	1313368	0	3099968	0
1789818306.324942	27011562991	8796827882	128646826	4971000	20470000	7454000	38000	1079921	0	3021188	0
1789818306.830169	27014112606	8798438108	128646826	4971000	20470000	7454000	40000	1594238	0	3100000	0
1789818307.340492	27016694997	8799992669	128646826	4971000	20470000	7454000	40000	1165751	0	3100031	0
1789818307.846631	27019197310	8801505788	128646826	4976000	20460000	7461000	40000	1510305	0	3057777	0
1789818308.354914	27021299050	8802785631	128646826	4976000	20460000	7461000	40000	1244426	0	3100000	0
1789818308.859940	27021837745	8803007615	128646826	4976000	20460000	7461000	36000	680042	0	1540108	0
1789818309.372985	27022015174	8803013413	128646826	4976000	20460000	7461000	36000	723677	0	1789385	0
1789818309.879787	27022281347	8803032945	128646826	5012000	20460000	7515000	36000	717697	0	1523808	0
1789818310.395988	27022509557	8803056931	128646826	5012000	20460000	7515000	36000	815475	0	1600208	0
1789818310.903996	27022901646	8803092881	128646826	5012000	20460000	7515000	35000	679370	0	1534822	0
1789818311.415718	27023235935	8803148850	128646826	5012000	20460000	7515000	35000	835791	0	1408965	0
1789818311.923920	27023494601	8803171250	128646826	5012000	20460000	7515000	35000	862017	0	1499952	0
1789818312.434622	27023929658	8803221299	128646826	5012000	20460000	7515000	35000	793772	0	1527717	0
1789818312.939531	27024428742	8803297898	128646826	5009000	20460000	7511000	36000	626066	0	1422649	0
1789818313.448085	27024819060	8803310410	128647131	5009000	20460000	7511000	36000	863651	0	1200012	400
1789818313.952257	27027749107	8804950725	128648047	5009000	20460000	7511000	42000	1632454	0	3000000	0
1789818314.458014	27030830153	8806623329	128648291	5009000	20460000	7511000	42000	725000	0	3000000	0
1789818314.962631	27033402596	8807897251	128649389	4965000	20460000	7445000	42000	1476135	0	3000000	0
1789818315.470328	27036625976	8809550628	128650183	4965000	20460000	7445000	42000	1213189	0	3000000	0
1789818315.974133	27039799186	8811180690	128650793	4965000	20460000	7445000	42000	1468228	0	2900000	0
1789818316.481300	27042787581	8812581504	128650793	4965000	20460000	7445000	42000	1139224	0	3000030	0
1789818316.985525	27045770728	8814040546	128651831	4970000	20450000	7452000	43000	1777763	0	3100030	0
1789818317.493025	27048317474	8815294083	128652990	4970000	20450000	7452000	43000	1170150	0	3000000	0
1789818317.996437	27050906213	8816550671	128653601	4970000	20450000	7452000	43000	1612609	0	2999970	0
1789818318.503968	27053465288	8817771921	128654333	4970000	20450000	7452000	43000	1437677	0	3000000	0
1789818319.007998	27056058971	8819032782	128654333	4976000	20440000	7461000	43000	1768599	0	3000000	0
1789818319.514944	27058783878	8820311282	128654333	4976000	20440000	7461000	43000	742517	0	3000030	0
1789818320.017984	27061369321	8821550964	128654333	4976000	20440000	7461000	43000	1794501	0	3000000	0
1789818320.524914	27063974356	8822794796	128654333	4976000	20440000	7461000	43000	962421	0	3100000	0
1789818321.030024	27066680770	8824082695	128654333	4965000	20430000	7444000	43000	1683940	0	3000000	0
1789818321.537997	27069260841	8825338857	128654333	4965000	20430000	7444000	43000	1447524	0	3000000	0
1789818322.040991	27072004670	8826667650	128654333	4965000	20430000	7444000	44000	2598922	0	3000037	0
1789818322.547425	27075109215	8828124555	128655981	4965000	20430000	7444000	44000	2255598	0	3000000	0
1789818323.051168	27078510512	8830041726	128655981	4965000	20430000	7444000	42000	1523011	0	2300000	400
1789818323.558000	27081513434	8831859043	128657019	4965000	20430000	7444000	42000	1759613	0	2499974	0
1789818324.062049	27084621275	8833618255	128657263	4966000	20430000	7446000	41000	1811005	0	2099545	0
1789818324.568872	27087568778	8835356836	128657263	4966000	20430000	7446000	41000	1087499	0	2399975	0
1789818325.073022	27090578169	8837058614	128657263	4966000	20430000	7446000	43000	1455952	0	2400024	0
1789818325.580615	27093609534	8838811356	128657263	4966000	20430000	7446000	43000	1347478	0	2400168	0
1789818326.085986	27096598235	8840506970	128657263	4969000	20420000	7451000	43000	1383868	0	2500000	0
1789818326.593482	27099656882	8842203377	128657263	4969000	20420000	7451000	43000	1075029	0	2400000	0
1789818327.097272	27102667799	8843888675	128657263	4969000	20420000	7451000	43000	1106011	0	2400024	0
1789818327.604335	27105186469	8845071838	128657263	4969000	20420000	7451000	43000	1048824	0	2680730	0
1789818328.111989	27106515568	8845704955	128657263	4976000	20410000	7461000	38000	1118192	0	1542734	0
1789818328.625066	27106697269	8845710814	128657263	4976000	20410000	7461000	38000	656241	0	1549621	0
1789818329.134757	27106983218	8845759581	128657263	4976000	20410000	7461000	38000	700020	0	1600140	0
1789818329.647140	27107206240	8845771178	128657263	4976000	20410000	7461000	38000	1017370	0	1458748	0
1789818330.154348	27107469911	8845801390	128657263	5009000	20410000	7511000	37000	1090192	0	1600254	0
1789818330.666932	27107711854	8845817991	128657263	5009000	20410000	7511000	37000	1025615	0	1600240	0
1789818331.174605	27108013122	8845849058	128657263	5009000	20410000	7511000	37000	858233	0	1435793	0
1789818331.686433	27108324523	8845908323	128657263	5009000	20410000	7511000	37000	1093281	0	1539382	0
1789818332.195720	27108637632	8845977903	128659399	5012000	20410000	7515000	38000	974063	0	1627579	0
1789818332.703302	27111729788	8847953301	128659399	5012000	20410000	7515000	38000	860083	0	2280667	0
1789818333.208602	27114753523	8849592274	128661535	5012000	20410000	7515000	42000	1027478	0	2200000	0
1789818333.716765	27117719152	8851341171	128662695	5012000	20410000	7515000	42000	1407398	0	2593209	0
1789818334.221850	27120240264	8852995707	128664221	5012000	20410000	7515000	42000	1415438	0	3099968	0
1789818334.733080	27122385888	8854424537	128665197	5012000	20410000	7515000	42000	2499708	0	2920850	0
1789818335.239509	27123476401	8854746435	128666967	4974000	20400000	7458000	38000	1307984	0	2101696	0
1789818335.751510	27124463276	8855049718	128666967	4974000	20400000	7458000	38000	1250218	0	1599314	0
1789818336.259264	27124712054	8855070165	128668066	4974000	20400000	7458000	37000	654877	0	1538907	0
1789818336.771617	27124966997	8855094335	128668066	4974000	20400000	7458000	37000	726636	0	1512942	0
1789818337.279089	27125359941	8855127172	128668066	5010000	20400000	7512000	37000	1142589	0	1600210	0
1789818337.791426	27125603776	8855144689	128668066	5010000	20400000	7512000	37000	1332131	0	1394648	0
1789818338.297579	27126084304	8855211705	128668066	5010000	20400000	7512000	37000	1092312	0	1534956	0
1789818338.806606	27126542799	8855362950	128670202	5010000	20400000	7512000	37000	971170	0	3100000	0
1789818339.312876	27128820747	8856644502	128670202	5009000	20390000	7511000	44000	1343157	0	3072177	0
1789818339.820135	27131301332	8857977140	128671301	5009000	20390000	7511000	44000	937526	0	3100000	0
1789818340.324081	27133648799	8859306970	128672033	5009000	20390000	7511000	45000	979557	0	3100030	0
1789818340.831080	27136154530	8860696921	128672339	5009000	20390000	7511000	45000	1175140	0	3077272	0
1789818341.334660	27138853253	8862188189	128672888	4979000	20390000	7466000	45000	1516110	0	3005610	0
1789818341.840256	27141282874	8863561659	128673193	4979000	20390000	7466000	45000	1461058	0	3100031	0
1789818342.344388	27143647369	8864872935	128673193	4979000	20390000	7466000	44000	734157	0	3073263	0
1789818342.852030	27145980371	8866224983	128673193	4979000	20390000	7466000	44000	1380588	0	3038927	0
1789818343.357960	27147087851	8866695074	128673193	4977000	20380000	7463000	38000	597809	0	1600030	0
1789818343.867498	27147409689	8866723211	128673193	4977000	20380000	7463000	38000	793313	0	1523272	0
1789818344.373525	27147978718	8866921209	128673193	4977000	20380000	7463000	38000	562689	0	1524466	0
1789818344.883357	27148214496	8866941045	128673193	4977000	20380000	7463000	38000	841353	0	1700230	0
1789818345.390485	27148529437	8866949163	128673193	4977000	20380000	7463000	37000	629598	0	1441384	0
1789818345.900471	27148776202	8866966741	128673193	4977000	20380000	7463000	37000	1051293	0	1600000	0
1789818346.405448	27149120012	8866979375	128673193	5009000	20380000	7511000	37000	789401	0	1461252	0
1789818346.915523	27149316544	8866993902	128673193	5009000	20380000	7511000	37000	1048002	0	1689573	0
1789818347.422420	27149542008	8867006658	128673193	5009000	20380000	7511000	37000	732245	0	1499968	0
1789818347.932461	27149827529	8867024541	128673193	5009000	20380000	7511000	37000	782488	0	1500000	0
1789818348.437000	27151608775	8868010256	128674963	5010000	20380000	7512000	44000	759374	0	3097043	0
1789818348.943934	27153952946	8869483336	128676306	5010000	20380000	7512000	44000	953438	0	3000000	0
1789818349.447800	27156650632	8871032160	128677160	5010000	20380000	7512000	45000	892795	0	3085678	0
1789818349.955030	27159114432	8872595877	128677832	5010000	20380000	7512000	45000	923482	0	3007485	0
1789818350.458807	27161599350	8874084276	128678320	4984000	20370000	7473000	44000	1355223	0	3094921	0
1789818350.966089	27164264687	8875659956	128678320	4984000	20370000	7473000	44000	996876	0	3051954	0
1789818351.469896	27166545687	8877126993	128678747	4984000	20370000	7473000	45000	873171	0	3037544	0
1789818351.977476	27169251064	8878744238	128679052	4984000	20370000	7473000	45000	969962	0	3076791	0
1789818352.480776	27171609334	8880234529	128679052	4981000	20370000	7468000	45000	910084	0	3084870	0
1789818352.988350	27172539324	8880582551	128679052	4981000	20370000	7468000	45000	942324	0	1700220	0
1789818353.495340	27172915666	8880638947	128679052	4981000	20370000	7468000	38000	942153	0	1512929	0
1789818354.004834	27173177689	8880661591	128679052	4981000	20370000	7468000	38000	1104521	0	1536463	0
1789818354.511086	27173721023	8880861115	128679052	5010000	20360000	7512000	38000	770260	0	1488838	0
1789818355.020573	27174040419	8880909271	128679052	5010000	20360000	7512000	38000	721617	0	1505765	0
1789818355.526433	27174251112	8880921417	128679052	5010000	20360000	7512000	37000	1242131	0	1579701	0
1789818356.036508	27174524427	8880941559	128679052	5010000	20360000	7512000	37000	1127112	0	1461299	0
1789818356.543067	27174730603	8880952118	128679052	5010000	20360000	7512000	37000	737581	0	1467991	0
1789818357.051040	27175161449	8881001922	128679052	5010000	20360000	7512000	37000	862429	0	1459398	0
1789818357.556045	27175335765	8881013763	128679174	5011000	20360000	7513000	38000	1112883	0	1442225	0
1789818358.063837	27177230291	8882329495	128682592	5011000	20360000	7513000	38000	1201008	0	2992493	0
1789818358.568059	27179590210	8883937645	128684118	5011000	20360000	7513000	45000	1010354	0	3079606	0
1789818359.074764	27181625971	8885403705	128685827	5011000	20360000	7513000	45000	763107	0	2987931	0
1789818359.579118	27183607411	8886803238	128685827	4985000	20360000	7475000	44000	979093	0	3023193	0
1789818360.086136	27185662460	8888246777	128687597	4985000	20360000	7475000	44000	962633	0	3036606	0
1789818360.590845	27187642069	8889669564	128687597	4985000	20360000	7475000	44000	1180622	0	3053432	0
1789818361.097742	27189699559	8891128727	128687597	4985000	20360000	7475000	44000	987528	0	3089952	0
1789818361.602136	27191708587	8892584412	128687597	4987000	20350000	7477000	44000	1460342	0	3095856	0
1789818362.108617	27192696377	8893151183	128687597	4987000	20350000	7477000	44000	640871	0	1496905	0
1789818362.615350	27192863674	8893155517	128687597	4987000	20350000	7477000	37000	734139	0	1600000	0
1789818363.125457	27193255763	8893186950	128687597	4987000	20350000	7477000	37000	850063	0	1771035	0
1789818363.630562	27193419459	8893192382	128687597	5012000	20350000	7515000	37000	641439	0	1458045	0
1789818364.140024	27194031701	8893388976	128687597	5012000	20350000	7515000	37000	1257745	0	2199971	0
1789818364.645651	27194303429	8893424803	128687597	5012000	20350000	7515000	37000	900580	0	1500000	0
1789818365.155002	27194581748	8893463682	128687597	5012000	20350000	7515000	37000	733485	0	1442056	0
1789818365.660475	27194845236	8893478636	128687597	5011000	20350000	7513000	37000	580326	0	1500000	0
1789818366.170520	27195143331	8893512571	128687597	5011000	20350000	7513000	37000	797600	0	1409298	0
1789818366.675293	27195392293	8893529783	128687597	5011000	20350000	7513000	37000	982070	0	1500025	0
1789818367.184406	27196531084	8894117611	128689367	5011000	20350000	7513000	37000	724461	0	2995688	0
1789818367.689037	27198799938	8895736382	128691381	5011000	20350000	7513000	43000	1491617	0	3099968	0
1789818368.198845	27201336126	8897678332	128693518	5011000	20350000	7513000	43000	1617450	0	2825868	0
1789818368.705072	27203240479	8898955917	128694494	4981000	20340000	7469000	40000	1063864	0	1800036	0
1789818369.214052	27205611872	8900777384	128694677	4981000	20340000	7469000	40000	2042451	0	3100000	0
1789818369.719938	27207576344	8902118201	128694677	4981000	20340000	7469000	46000	1122879	0	3100000	0
1789818370.227138	27209911055	8903855868	128695227	4981000	20340000	7469000	46000	1210778	0	3100000	0
1789818370.733030	27211965249	8905303130	128695959	4985000	20340000	7475000	44000	1160873	0	3078936	0
1789818371.239827	27214202670	8906968286	128695959	4985000	20340000	7475000	44000	1189590	0	3099968	0
1789818371.744355	27216642117	8908841329	128695959	4985000	20340000	7475000	39000	2050297	0	2887695	0
1789818372.252032	27218578391	8910161638	128695959	4985000	20340000	7475000	39000	1145413	0	2565264	0
1789818372.756920	27221178177	8912111828	128695959	4981000	20330000	7469000	44000	1587945	0	3100000	0
1789818373.263166	27222161817	8912698252	128695959	4981000	20330000	7469000	44000	1082665	0	1605124	0
1789818373.768949	27222399060	8912717600	128695959	4981000	20330000	7469000	38000	1494136	0	1526499	0
1789818374.276647	27224830877	8914183722	128695959	4981000	20330000	7469000	38000	1548061	0	3000000	0
1789818374.781982	27227629515	8916001405	128695959	4982000	20330000	7470000	41000	2151086	0	3093784	0
1789818375.288950	27230869009	8918085568	128695959	4982000	20330000	7470000	41000	1409383	0	2900029	0
1789818375.792142	27233613631	8919646049	128695959	4982000	20330000	7470000	40000	1223446	0	1799908	0
1789818376.304505	27234552410	8920114737	128695959	4982000	20330000	7470000	40000	926839	0	1535087	0
1789818376.811993	27234842449	8920145682	128695959	4982000	20330000	7470000	38000	1240360	0	1512529	0
1789818377.323396	27235107585	8920164053	128695959	4982000	20330000	7470000	38000	894046	0	1600032	0
1789818377.830070	27235380960	8920194144	128695959	5005000	20320000	7505000	38000	1150943	0	1452972	0
1789818378.339997	27236873205	8921135914	128696692	5005000	20320000	7505000	38000	1139668	0	3083304	0
1789818378.844506	27238902314	8922609848	128697790	5005000	20320000	7505000	42000	1033644	0	3100000	0
1789818379.354125	27240849208	8924018658	128698584	5005000	20320000	7505000	42000	1318617	0	3089915	0
1789818379.857920	27242915792	8925507179	128699560	4985000	20320000	7474000	42000	1325716	0	3100000	0
1789818380.366899	27245071976	8927034458	128699926	4985000	20320000	7474000	42000	1821253	0	3092442	0
1789818380.871150	27247084849	8928463104	128699926	4985000	20320000	7474000	42000	1511524	0	3068533	0
1789818381.379028	27249113225	8929949429	128700598	4985000	20320000	7474000	42000	1160430	0	3085117	0
1789818381.882934	27251109985	8931397545	128701330	4982000	20310000	7470000	42000	1487840	0	3049627	0
1789818382.391033	27253152826	8932877278	128701330	4982000	20310000	7470000	42000	1261231	0	2978282	0
1789818382.895736	27255223744	8934377213	128701330	4982000	20310000	7470000	42000	1686084	0	3008330	0
1789818383.403883	27257252242	8935840954	128701330	4982000	20310000	7470000	42000	1206707	0	3083300	0
1789818383.908580	27259217264	8937276681	128701330	4984000	20310000	7473000	42000	1242019	0	2938028	0
1789818384.417029	27261565219	8938944828	128701330	4984000	20310000	7473000	42000	1314422	0	3100078	0
1789818384.921723	27263679167	8940432617	128701330	4984000	20310000	7473000	42000	1268851	0	3100000	0
1789818385.430117	27265721764	8941909725	128701391	4984000	20310000	7473000	42000	1291322	0	3062536	0
1789818385.934785	27267864703	8943417656	128701391	4975000	20300000	7460000	42000	1388922	0	3098212	0
1789818386.444107	27269825574	8944828541	128701391	4975000	20300000	7460000	42000	1290498	0	3088365	0
1789818386.949668	27271868111	8946291123	128701391	4975000	20300000	7460000	42000	2043547	0	3100031	0
1789818387.459710	27273995486	8947802349	128701391	4975000	20300000	7460000	42000	1448062	0	3100000	0
1789818387.964212	27276046628	8949264504	128701391	4975000	20300000	7460000	42000	1299113	0	2999258	0
1789818388.474754	27278077323	8950752171	128701391	4975000	20300000	7460000	42000	1285629	0	3098265	0
1789818388.979115	27280081652	8952179230	128701452	4981000	20300000	7469000	42000	1107331	0	3024519	0
1789818389.487103	27282176495	8953674161	128701452	4981000	20300000	7469000	42000	1377429	0	3100031	0
1789818389.991396	27284271033	8955191613	128701452	4981000	20300000	7469000	42000	1292569	0	3100000	0
1789818390.500912	27284623327	8955312035	128701452	4981000	20300000	7469000	42000	892600	0	1672488	0
1789818391.006517	27284889317	8955341271	128701452	4982000	20290000	7470000	38000	848726	0	1500304	0
1789818391.516518	27285227024	8955363731	128701452	4982000	20290000	7470000	38000	857229	0	1501247	0
1789818392.022298	27285491733	8955384056	128701452	4982000	20290000	7470000	38000	1038552	0	1512793	0
1789818392.532117	27285708224	8955396690	128701452	4982000	20290000	7470000	38000	1034438	0	1588769	0
1789818393.039040	27285979891	8955419029	128701452	5009000	20290000	7510000	38000	576584	0	1500000	0
1789818393.549483	27286210298	8955432030	128701452	5009000	20290000	7510000	38000	656218	0	1499983	0
1789818394.055047	27286581452	8955497398	128701452	5009000	20290000	7510000	38000	1467687	0	1701911	0
1789818394.563683	27287060027	8955646140	128701452	5009000	20290000	7510000	38000	853667	0	1447970	0
1789818395.070290	27287371794	8955702842	128702673	5006000	20280000	7506000	39000	1041017	0	1500154	0
1789818395.578508	27289714745	8957144367	128702673	5006000	20280000	7506000	39000	1011677	0	3087775	0
1789818396.083024	27292551224	8959011488	128703344	5006000	20280000	7506000	46000	1552868	0	3083361	0
1789818396.590333	27295426095	8960825937	128704321	5006000	20280000	7506000	46000	933016	0	3083304	0
1789818397.094090	27296398138	8961302193	128704992	4972000	20280000	7455000	38000	1146154	0	1513152	0
1789818397.603046	27296648748	8961317635	128705114	4972000	20280000	7455000	38000	1061186	0	1414379	0
1789818398.109450	27296958195	8961344368	128705297	4972000	20280000	7455000	38000	957696	0	1472054	0
1789818398.617345	27297180973	8961355904	128705297	4972000	20280000	7455000	38000	915934	0	1459115	0
1789818399.122987	27297505313	8961381355	128706213	4972000	20280000	7455000	38000	946836	0	1401835	0
1789818399.634338	27297772341	8961401863	128706213	4972000	20280000	7455000	38000	943511	0	1562611	0
1789818400.140027	27298083131	8961431465	128706213	5008000	20270000	7509000	38000	841256	0	1430052	0
1789818400.650096	27298328004	8961449959	128706213	5008000	20270000	7509000	38000	888351	0	1429110	0
1789818401.157510	27298635681	8961479316	128706213	5008000	20270000	7509000	38000	893940	0	1440981	0
1789818401.667166	27298951110	8961498176	128706213	5008000	20270000	7509000	38000	889546	0	1595101	0
1789818402.173389	27300809748	8962660283	128707922	5008000	20270000	7509000	45000	1120738	0	3076848	0
1789818402.679671	27303364917	8964349243	128708715	5008000	20270000	7509000	45000	1189477	0	3072374	0
1789818403.183867	27305992840	8966087947	128710730	5008000	20270000	7509000	45000	1423310	0	3072967	0
1789818403.690784	27308444128	8967746390	128712744	5008000	20270000	7509000	45000	977742	0	2953902	0
1789818404.194972	27311401396	8969664964	128713659	4980000	20270000	7467000	46000	988722	0	3083334	0
1789818404.701522	27314327047	8971533429	128714880	4980000	20270000	7467000	46000	1157174	0	3083299	0
1789818405.205947	27317333021	8973494239	128714880	4980000	20270000	7467000	46000	953795	0	3001493	0
1789818405.713692	27319785957	8975158542	128716284	4980000	20270000	7467000	46000	1202400	0	3079901	0
1789818406.218878	27322316163	8976859038	128716284	4979000	20260000	7465000	46000	1000325	0	3059327	0
1789818406.725681	27324791193	8978520410	128716284	4979000	20260000	7465000	46000	1682914	0	3083298	0
1789818407.229112	27327458117	8980261312	128716284	4979000	20260000	7465000	46000	987066	0	3030312	0
1789818407.735753	27329264021	8981415972	128716284	4979000	20260000	7465000	46000	681540	0	1553775	0
1789818408.241751	27329682477	8981488970	128716284	5001000	20260000	7499000	38000	980138	0	1700165	0
1789818408.750207	27330028057	8981520708	128716284	5001000	20260000	7499000	38000	915529	0	1600139	0
1789818409.256294	27330459147	8981586076	128716284	5001000	20260000	7499000	38000	1045456	0	1820533	0
1789818409.766970	27331004434	8981772538	128716284	5001000	20260000	7499000	38000	1297183	0	1500017	0
1789818410.271812	27331250039	8981801591	128716284	5001000	20260000	7499000	38000	873356	0	1463317	0
1789818410.781959	27331503334	8981820146	128716284	5001000	20260000	7499000	38000	1334692	0	1501783	0
1789818411.287699	27331751929	8981856950	128716284	5010000	20250000	7512000	38000	980251	0	1598559	0
1789818411.795033	27332021826	8981892228	128716284	5010000	20250000	7512000	38000	726732	0	1455897	0
1789818412.299889	27332253820	8981906754	128716284	5010000	20250000	7512000	38000	856020	0	1409416	0
1789818412.809397	27333106967	8982347610	128717627	5010000	20250000	7512000	38000	1338359	0	2985984	0
1789818413.313806	27335124479	8983496106	128718237	5010000	20250000	7512000	44000	896139	0	3000030	0
1789818413.821335	27337547142	8984754525	128718908	5010000	20250000	7512000	44000	1152012	0	3023972	0
1789818414.324989	27340314835	8986281865	128718908	5010000	20250000	7512000	46000	975674	0	3013230	0
1789818414.831534	27342763254	8987623781	128720495	5010000	20250000	7512000	46000	725000	0	3000000	0
1789818415.335976	27345377139	8988975889	128721106	4973000	20240000	7456000	47000	984640	0	2891480	0
1789818415.842676	27347834896	8990265559	128721960	4973000	20240000	7456000	47000	1152445	0	3000000	0
1789818416.346822	27350439504	8991643790	128722815	4973000	20240000	7456000	45000	991709	0	2999969	0
1789818416.853733	27352180710	8992441823	128722815	4973000	20240000	7456000	45000	813739	0	1591331	0
1789818417.359469	27352457382	8992459462	128722815	4995000	20240000	7490000	38000	1111886	0	1500000	0
1789818417.867041	27353062544	8992583607	128722815	4995000	20240000	7490000	38000	1416305	0	1901978	0
1789818418.371053	27353809734	8992830982	128722815	4995000	20240000	7490000	40000	1352090	0	2100030	0
1789818418.879580	27354598429	8993116564	128722815	4995000	20240000	7490000	40000	736069	0	1457824	0
1789818419.385536	27354916421	8993142810	128722815	5007000	20240000	7508000	38000	768616	0	1524480	0
1789818419.896085	27355430946	8993269091	128722815	5007000	20240000	7508000	38000	1100749	0	1800965	0
1789818420.401048	27356129797	8993471849	128722876	5007000	20240000	7508000	38000	1185494	0	1639950	0
1789818420.911551	27356540990	8993522874	128722876	5007000	20240000	7508000	38000	751775	0	1454295	0
1789818421.417517	27356974765	8993589342	128722876	5007000	20240000	7508000	38000	666318	0	1470098	0
1789818421.930093	27358592315	8994535628	128724646	5007000	20240000	7508000	38000	976656	0	3088929	0
1789818422.434922	27361547752	8996507120	128726232	5009000	20230000	7511000	45000	775036	0	3096364	0
1789818422.941603	27363824906	8997846716	128728125	5009000	20230000	7511000	45000	886759	0	2832243	0
1789818423.445490	27366553415	8999216830	128729162	5009000	20230000	7511000	44000	771229	0	2954328	0
1789818423.951999	27369252505	9000579680	128729162	5009000	20230000	7511000	44000	732379	0	3059033	0
1789818424.456475	27372257685	9002133326	128729162	4977000	20230000	7462000	44000	951058	0	2953764	0
1789818424.962936	27374345509	9003510276	128729162	4977000	20230000	7462000	44000	735495	0	3083964	0
1789818425.466559	27376448653	9004884601	128729162	4977000	20230000	7462000	43000	1340565	0	2983304	0
1789818425.973895	27379154213	9006250625	128729162	4977000	20230000	7462000	43000	1189329	0	2943611	0
1789818426.477773	27381855134	9007606579	128729162	4980000	20220000	7467000	44000	963426	0	2999969	0
1789818426.986273	27384700280	9008976265	128729162	4980000	20220000	7467000	44000	768575	0	3000000	0
1789818427.489964	27386943805	9010326176	128729162	4980000	20220000	7467000	45000	811484	0	3083331	0
1789818427.997486	27388909071	9011738038	128729162	4980000	20220000	7467000	45000	984780	0	3071545	0
1789818428.501637	27391576727	9013078305	128729162	4987000	20220000	7477000	45000	943648	0	2926132	0
1789818429.007011	27394263183	9014423517	128729162	4987000	20220000	7477000	45000	847601	0	2969592	0
1789818429.510997	27396941826	9015770498	128729162	4987000	20220000	7477000	45000	989281	0	3083333	0
1789818430.017632	27399325243	9017129137	128729162	4987000	20220000	7477000	45000	1254361	0	3083304	0
1789818430.521782	27401341961	9018525740	128729162	4983000	20210000	7472000	45000	976618	0	3085107	0
1789818431.028559	27403827856	9019862040	128729162	4983000	20210000	7472000	45000	983987	0	3000000	0
1789818431.532688	27406742826	9021317115	128729162	4983000	20210000	7472000	45000	2238614	0	2923044	0
1789818432.039419	27409697226	9022827487	128730932	4983000	20210000	7472000	45000	1401877	0	3083333	0
1789818432.543031	27412443068	9024256499	128732092	4983000	20210000	7472000	46000	993343	0	3069255	0
1789818433.050528	27414507943	9025678310	128732092	4983000	20210000	7472000	46000	1193578	0	2868647	0
1789818433.554881	27416864505	9027047996	128732092	4977000	20200000	7462000	45000	970360	0	2971942	0
1789818434.061754	27419791011	9028568561	128732092	4977000	20200000	7462000	45000	2344462	0	2928395	0
1789818434.565789	27422574268	9029989151	128732092	4977000	20200000	7462000	45000	986984	0	2896548	0
1789818435.072703	27425327923	9031384167	128732092	4977000	20200000	7462000	45000	1729053	0	2839930	0
1789818435.577036	27425821818	9031536083	128732092	4978000	20200000	7464000	39000	671799	0	1497274	0
1789818436.086408	27426170694	9031562389	128732092	4978000	20200000	7464000	39000	691799	0	1540659	0
1789818436.592587	27426347207	9031569286	128732092	4978000	20200000	7464000	39000	751666	0	1430779	0
1789818437.103419	27426566872	9031592540	128732092	4978000	20200000	7464000	39000	948520	0	1500026	0
1789818437.609496	27426777626	9031599254	128732092	5011000	20190000	7513000	38000	635049	0	1362169	0
1789818438.120172	27427017555	9031616161	128732092	5011000	20190000	7513000	38000	960537	0	1546668	0
1789818438.626011	27427193152	9031625133	128732092	5011000	20190000	7513000	38000	985015	0	1548254	0
1789818439.135374	27427375525	9031639842	128732092	5011000	20190000	7513000	38000	969475	0	1500378	0
1789818439.640233	27427543249	9031646434	128732092	5012000	20190000	7515000	38000	864194	0	1525231	0
1789818440.150035	27427778356	9031684398	128734228	5012000	20190000	7515000	38000	1129826	0	1520778	0
1789818440.654494	27430025787	9032868965	128734228	5012000	20190000	7515000	46000	894480	0	2824386	0
1789818441.159991	27432338769	9034311039	128736547	5012000	20190000	7515000	46000	937079	0	2660274	0
1789818441.663876	27434472919	9035672608	128739172	4983000	20190000	7471000	46000	943071	0	3045276	0
1789818442.171133	27437102612	9037192501	128741003	4983000	20190000	7471000	46000	1153142	0	3100000	0
1789818442.674862	27439347906	9038616570	128742468	4983000	20190000	7471000	46000	907686	0	3100000	0
1789818443.182112	27441985168	9040097340	128743688	4983000	20190000	7471000	46000	1158761	0	3014488	0
1789818443.685848	27444260919	9041558640	128743688	4983000	20190000	7471000	46000	928747	0	3100000	0
1789818444.192404	27447055956	9043164776	128745581	4983000	20190000	7471000	46000	1603836	0	3091256	0
1789818444.696181	27449426677	9044709572	128745581	4981000	20180000	7469000	46000	737503	0	3100031	0
1789818445.204034	27451743321	9046113804	128745581	4981000	20180000	7469000	46000	994539	0	2938740	0
1789818445.707717	27454360502	9047654145	128745581	4981000	20180000	7469000	46000	993857	0	3099968	0
1789818446.214347	27456060937	9048707975	128745581	4981000	20180000	7469000	46000	972724	0	1640103	0
1789818446.720437	27456244653	9048715848	128745581	4981000	20180000	7468000	39000	680886	0	1500000	0
1789818447.229462	27456475853	9048734037	128745581	4981000	20180000	7468000	39000	655237	0	1462781	0
1789818447.736339	27456650108	9048743680	128745581	4981000	20180000	7468000	38000	773357	0	1440015	0
1789818448.245091	27456859825	9048758451	128745581	4981000	20180000	7468000	38000	665774	0	1547910	0
1789818448.751295	27457118491	9048768339	128745581	5011000	20170000	7514000	38000	1000759	0	1544499	0
1789818449.261891	27457359457	9048794889	128745581	5011000	20170000	7514000	38000	1056484	0	1464376	0
1789818449.768514	27457546896	9048804044	128745581	5011000	20170000	7514000	38000	1458094	0	1600024	0
1789818450.278947	27457723287	9048816495	128745581	5011000	20170000	7514000	38000	862520	0	1454915	0
1789818450.785952	27457919209	9048829984	128745581	5011000	20170000	7513000	38000	1258033	0	1700287	0
1789818451.295806	27458771563	9049184902	128746435	5011000	20170000	7513000	38000	905068	0	3062118	0
1789818451.800552	27460897595	9050473901	128746740	5011000	20170000	7513000	44000	1341503	0	3069673	0
1789818452.309636	27463463384	9051830587	128747351	5011000	20170000	7513000	44000	1669862	0	3072200	0
1789818452.814263	27466210081	9053178972	128747351	4976000	20170000	7461000	47000	1364769	0	3083334	0
1789818453.321811	27469251822	9054662611	128747351	4976000	20170000	7461000	47000	1711516	0	2995567	0
1789818453.825713	27472238142	9056120737	128748266	4976000	20170000	7461000	46000	921384	0	3089926	0
1789818454.333039	27475486486	9057726506	128749060	4976000	20170000	7461000	46000	947969	0	2955264	0
1789818454.837320	27476915437	9058312137	128749121	4976000	20170000	7461000	39000	698771	0	1600250	0
1789818455.348614	27477141084	9058325199	128749121	4976000	20170000	7461000	39000	854708	0	1636312	0
1789818455.855433	27477349091	9058339054	128749121	4992000	20160000	7485000	38000	699930	0	1613502	0
1789818456.367393	27477673126	9058350345	128749121	4992000	20160000	7485000	38000	643717	0	1549658	0
1789818456.875765	27477929961	9058370609	128749121	4992000	20160000	7485000	38000	738826	0	1550455	0
1789818457.388070	27478171904	9058388736	128749121	4992000	20160000	7485000	38000	662522	0	1599980	0
1789818457.895437	27478448697	9058404178	128749121	5009000	20160000	7510000	38000	921815	0	1487420	0
1789818458.404444	27478651639	9058416385	128749121	5009000	20160000	7510000	38000	1007776	0	1499982	0
1789818458.911072	27478880825	9058431644	128749121	5009000	20160000	7510000	38000	1359621	0	1505754	0
1789818459.419984	27479077236	9058440555	128749121	5009000	20160000	7510000	38000	1024092	0	1430461	0
1789818459.926057	27480586815	9059293519	128749975	5012000	20160000	7515000	46000	857711	0	3100000	0
1789818460.431994	27482808916	9060587949	128751257	5012000	20160000	7515000	46000	1206428	0	3032169	0
1789818460.935789	27485389170	9062342645	128751989	5012000	20160000	7515000	45000	907984	0	2942387	0
1789818461.443127	27487357427	9063724660	128752050	5012000	20160000	7515000	45000	913651	0	2908969	0
1789818461.947098	27489318787	9065103013	128752111	4987000	20150000	7478000	45000	1210157	0	3094743	0
1789818462.454422	27491234614	9066463728	128752111	4987000	20150000	7478000	45000	941041	0	2895803	0
1789818462.958817	27493192434	9067826029	128752111	4987000	20150000	7478000	45000	1132311	0	3084545	0
1789818463.465555	27495136155	9069191260	128752111	4987000	20150000	7478000	45000	954904	0	3078957	0
1789818463.968974	27496360456	9069843419	128752111	4983000	20140000	7471000	39000	1182521	0	1700498	0
1789818464.479600	27497019573	9070046848	128752111	4983000	20140000	7471000	39000	587985	0	1415692	0
1789818464.984042	27497299784	9070061192	128752111	4983000	20140000	7471000	39000	755279	0	1469757	0
1789818465.493890	27497500284	9070072361	128752111	4983000	20140000	7471000	39000	650442	0	1455278	0
1789818465.999489	27497719949	9070092136	128752111	4983000	20140000	7471000	38000	634642	0	1570209	0
1789818466.508317	27497915383	9070101902	128752111	4983000	20140000	7471000	38000	657080	0	1524385	0
1789818467.014097	27498113259	9070114841	128752111	5012000	20140000	7515000	38000	606225	0	1249744	0
1789818467.526593	27498310158	9070124363	128752111	5012000	20140000	7515000	38000	646672	0	1477312	0
1789818468.032085	27498534400	9070144504	128752111	5012000	20140000	7515000	38000	648304	0	1434877	0
1789818468.542110	27498727759	9070155125	128752111	5012000	20140000	7515000	38000	624371	0	1600024	0
1789818469.048302	27500194736	9070914156	128752478	5012000	20140000	7515000	45000	731955	0	3055641	0
1789818469.555648	27503038661	9072535306	128753332	5012000	20140000	7515000	45000	850787	0	2882706	0
1789818470.059193	27505863117	9074122583	128754186	5012000	20140000	7515000	45000	905837	0	3046400	0
1789818470.566353	27508735668	9075738118	128754858	5012000	20140000	7515000	45000	969810	0	3083332	0
1789818471.069968	27511532719	9077328568	128754858	4972000	20140000	7455000	47000	969152	0	3082965	0
1789818471.577589	27514501706	9078997997	128754858	4972000	20140000	7455000	47000	1410395	0	3000000	0
1789818472.081141	27517354054	9080609382	128755407	4972000	20140000	7455000	47000	1205656	0	3088343	0
1789818472.588764	27520119733	9082197940	128755407	4972000	20140000	7455000	47000	903473	0	3044464	0
1789818473.092127	27523063451	9083797057	128755407	4977000	20130000	7463000	47000	966729	0	2846129	0
1789818473.597846	27525929655	9085387996	128755407	4977000	20130000	7463000	47000	978385	0	3100031	0
1789818474.102050	27526456936	9085588862	128755407	4977000	20130000	7463000	40000	1140160	0	1700062	0
1789818474.609259	27526808864	9085670710	128755407	4977000	20130000	7463000	40000	774598	0	1414164	0
1789818475.115897	27527181666	9085691462	128755407	5009000	20120000	7511000	38000	917651	0	1528038	0
1789818475.623977	27527650293	9085779291	128755407	5009000	20120000	7511000	38000	1347516	0	1700193	0
1789818476.129119	27528507712	9085926874	128755407	5009000	20120000	7511000	39000	782243	0	1454084	0
1789818476.637672	27528733786	9085940057	128755407	5009000	20120000	7511000	39000	1119997	0	1461468	0
1789818477.144117	27529055135	9085955987	128755407	5009000	20120000	7511000	38000	726161	0	1549072	0
1789818477.654412	27529433491	9085973688	128755407	5009000	20120000	7511000	38000	753087	0	1449208	0
1789818478.160566	27529735920	9086000970	128755407	5008000	20120000	7509000	38000	729644	0	1438107	0
1789818478.669779	27530017291	9086040277	128756750	5008000	20120000	7509000	38000	930731	0	1600000	0
1789818479.174112	27533600107	9088087208	128757543	5008000	20120000	7509000	41000	1174397	0	1400000	0
1789818479.683973	27536705323	9089814803	128759008	5008000	20120000	7509000	41000	1382831	0	1600000	0
1789818480.189808	27539176203	9091185527	128759252	4965000	20120000	7445000	40000	948940	0	2037070	0
1789818480.701834	27542796372	9093335546	128759252	4965000	20120000	7445000	40000	1153210	0	1364929	0
1789818481.208091	27545758034	9094992402	128759252	4965000	20120000	7445000	42000	1576511	0	1700290	0
1789818481.722920	27548487520	9096518766	128759252	4965000	20120000	7445000	42000	1947630	0	2200311	0
1789818482.228618	27551905358	9098540306	128759252	4981000	20110000	7468000	42000	1192392	0	1400014	0
1789818482.740960	27554760758	9100085956	128759252	4981000	20110000	7468000	42000	1689840	0	1800206	0
1789818483.246976	27557933357	9101994582	128759252	4981000	20110000	7468000	42000	1350052	0	1500015	0
1789818483.758499	27561038330	9103747446	128759252	4981000	20110000	7468000	42000	1182730	0	1400014	0
1789818484.267953	27563746575	9105292242	128759252	4970000	20100000	7452000	42000	2000124	0	2400272	0
1789818484.775037	27567083602	9107248108	128759252	4970000	20100000	7452000	42000	1339474	0	1500000	0
1789818485.283066	27570112098	9108953121	128759252	4970000	20100000	7452000	42000	1427960	0	1476576	0
1789818485.793810	27572509065	9110278435	128759252	4970000	20100000	7452000	42000	1310274	0	1679714	0
1789818486.298934	27572673188	9110283501	128759252	5001000	20100000	7498000	39000	764473	0	1701755	0
1789818486.807438	27572865753	9110295891	128759252	5001000	20100000	7498000	39000	668528	0	1500000	0
1789818487.313502	27573074432	9110309197	128759252	5001000	20100000	7498000	39000	797286	0	1599971	0
1789818487.822395	27573291533	9110325981	128759252	5001000	20100000	7498000	39000	780350	0	1485039	0
1789818488.327045	27573506376	9110334709	128759252	5001000	20100000	7498000	39000	870937	0	1418751	0
1789818488.837247	27573797208	9110353569	128759252	5001000	20100000	7498000	39000	763908	0	1414179	0
1789818489.342928	27574000516	9110360893	128759252	5009000	20100000	7511000	39000	787128	0	1519179	0
1789818489.854044	27574263699	9110390983	128759252	5009000	20100000	7511000	39000	935268	0	1474274	0
1789818490.360494	27574506496	9110404472	128759252	5009000	20100000	7511000	39000	651014	0	1448853	0
1789818490.871032	27574929835	9110516349	128759924	5009000	20100000	7511000	39000	1224574	0	3100000	0
1789818491.376914	27578082659	9112585253	128761022	5005000	20090000	7504000	42000	1539884	0	1600259	0
1789818491.888086	27581042063	9114532025	128761022	5005000	20090000	7504000	42000	1385782	0	1852738	0
1789818492.392940	27584213197	9116673133	128761328	5005000	20090000	7504000	42000	1535045	0	1600016	0
1789818492.902935	27587165521	9118645967	128762487	5005000	20090000	7504000	42000	1600118	0	1600258	0
1789818493.410059	27590132860	9120624417	128762731	4977000	20090000	7462000	42000	1587579	0	1900238	0
1789818493.917958	27593259439	9122657859	128762853	4977000	20090000	7462000	42000	1550095	0	1600234	0
1789818494.422073	27596120271	9124500322	128763037	4977000	20090000	7462000	42000	1124407	0	2100000	0
1789818494.929036	27599210168	9126587475	128763037	4977000	20090000	7462000	42000	1749243	0	1900317	0
1789818495.436952	27601525592	9128059029	128763037	4970000	20080000	7452000	40000	628812	0	1434420	0
1789818495.946524	27601820330	9128075386	128763037	4970000	20080000	7452000	40000	645532	0	1400000	0
1789818496.453179	27602088823	9128083870	128763037	4970000	20080000	7452000	39000	517051	0	1336413	0
1789818496.962513	27602599869	9128193611	128763037	4970000	20080000	7452000	39000	677863	0	1530531	0
1789818497.468178	27603122206	9128266304	128763037	4999000	20080000	7496000	39000	503427	0	1100000	0
1789818497.979648	27603438490	9128309334	128763037	4999000	20080000	7496000	39000	773162	0	1288458	0
1789818498.485548	27603611768	9128316902	128763037	4999000	20080000	7496000	39000	642909	0	1458774	0
1789818498.996469	27603940075	9128345100	128763037	4999000	20080000	7496000	39000	657574	0	1484081	0
1789818499.501955	27604180736	9128356025	128763037	4999000	20080000	7496000	38000	621023	0	1438846	0
1789818500.013417	27604431956	9128376960	128763037	4999000	20080000	7496000	38000	669299	0	1499687	0
1789818500.519164	27605622566	9129069647	128764257	5005000	20070000	7505000	41000	2370360	0	2696434	0
1789818501.027989	27609490415	9131528869	128764868	5005000	20070000	7505000	41000	1033623	0	1200012	0
1789818501.535087	27612243826	9133152888	128764868	5005000	20070000	7505000	41000	644653	0	1419400	0
1789818502.044988	27615557172	9135168447	128765478	5005000	20070000	7505000	41000	1044074	0	1200012	0
1789818502.554444	27616984048	9135878772	128765478	4973000	20070000	7457000	39000	1228237	0	1976251	0
1789818503.064421	27617279275	9135901294	128765478	4973000	20070000	7457000	39000	766612	0	1460472	0
1789818503.570512	27617592995	9135925769	128765478	4973000	20070000	7457000	39000	638870	0	1499981	0
1789818504.081042	27617995093	9136007617	128765478	4973000	20070000	7457000	39000	1266933	0	1501501	0
1789818504.586389	27618395788	9136111071	128765478	5009000	20060000	7511000	39000	646872	0	1415807	0
1789818505.096530	27618681859	9136137072	128765478	5009000	20060000	7511000	39000	577087	0	1438183	0
1789818505.602832	27618889195	9136148913	128765478	5009000	20060000	7511000	39000	566435	0	1485151	0
1789818506.112779	27619203830	9136165271	128765478	5009000	20060000	7511000	39000	577530	0	1424764	0
1789818506.619441	27619528048	9136190173	128765478	5010000	20060000	7512000	38000	902860	0	1600000	0
1789818507.128955	27619869173	9136216845	128765478	5010000	20060000	7512000	38000	631514	0	1464185	0
1789818507.634934	27622221523	9137741377	128766210	5010000	20060000	7512000	42000	1898222	0	2200303	0
1789818508.146673	27625561907	9140035317	128767004	5010000	20060000	7512000	42000	1383257	0	1600016	0
1789818508.651012	27627972240	9141385350	128767370	4972000	20060000	7455000	45000	714710	0	2917684	0
1789818509.159961	27631610720	9143828337	128767370	4972000	20060000	7455000	45000	1294645	0	1525710	0
1789818509.665247	27634594843	9145783471	128767736	4972000	20060000	7455000	42000	1424572	0	1729449	0
1789818510.177014	27637694445	9147797565	128767736	4972000	20060000	7455000	42000	1181726	0	1400014	0
1789818510.684183	27640717325	9149802687	128767736	4972000	20060000	7455000	42000	1237462	0	1489777	0
1789818511.199968	27643665865	9151681588	128767919	4972000	20060000	7455000	42000	1896528	0	2200145	0
1789818511.705959	27646805261	9153780704	128767919	4968000	20050000	7449000	43000	1322008	0	1599983	0
1789818512.216426	27649295489	9155244201	128767919	4968000	20050000	7449000	43000	1131515	0	2699568	0
1789818512.720980	27652879037	9157671746	128767919	4968000	20050000	7449000	42000	1263895	0	1438766	0
1789818513.229655	27655649355	9159418324	128767980	4968000	20050000	7449000	42000	816279	0	1600000	0
1789818513.734040	27656408874	9159730213	128767980	4971000	20050000	7453000	39000	782124	0	1483867	0
1789818514.244211	27657014708	9159903430	128767980	4971000	20050000	7453000	39000	776096	0	1465187	0
1789818514.749898	27657194700	9159912646	128767980	4971000	20050000	7453000	39000	645549	0	1500000	0
1789818515.259631	27657624813	9159938586	128767980	4971000	20050000	7453000	39000	575483	0	1392888	0
1789818515.767003	27657828731	9159949450	128767980	5006000	20040000	7506000	39000	711983	0	1442892	0
1789818516.278462	27658133479	9159974597	128767980	5006000	20040000	7506000	39000	648397	0	1500037	0
1789818516.784482	27658361994	9159984484	128767980	5006000	20040000	7506000	39000	574806	0	1398204	0
1789818517.293060	27658698602	9160028002	128767980	5006000	20040000	7506000	39000	1117974	0	1500000	0
1789818517.799059	27658967645	9160041186	128767980	5009000	20040000	7511000	39000	1316766	0	1500461	0
1789818518.307749	27659170830	9160051623	128767980	5009000	20040000	7511000	39000	1055243	0	1569290	0
1789818518.813925	27661867234	9161771589	128767980	5009000	20040000	7511000	43000	1894945	0	2200336	0
1789818519.326968	27665251930	9164161293	128767980	5009000	20040000	7511000	43000	1145102	0	1326523	0
1789818519.832045	27668039338	9166017916	128768469	4967000	20030000	7448000	42000	658466	0	1552415	0
1789818520.339954	27671288963	9168226834	128769201	4967000	20030000	7448000	42000	1172172	0	1383193	0
1789818520.847564	27674268936	9170306174	128769689	4967000	20030000	7448000	43000	1606538	0	1724490	0
1789818521.354985	27676844674	9171919451	128769689	4967000	20030000	7448000	43000	2195564	0	2290287	0
1789818521.858966	27680368652	9174422375	128770300	4967000	20030000	7448000	42000	1141771	0	1325422	0
1789818522.369775	27683184074	9176338385	128770544	4967000	20030000	7448000	42000	1106774	0	1700501	0
1789818522.873951	27686406539	9178540162	128770605	4963000	20030000	7441000	43000	1285838	0	1500015	0
1789818523.383972	27689420814	9180630672	128770666	4963000	20030000	7441000	43000	1538065	0	1594255	0
1789818523.888914	27692021332	9182278068	128770666	4963000	20030000	7441000	44000	2041102	0	2200304	0
1789818524.397968	27695507224	9184812363	128770666	4963000	20030000	7441000	44000	1276243	0	1500000	0
1789818524.907074	27698455581	9186768474	128770666	4947000	20020000	7418000	42000	1131829	0	1640436	0
1789818525.418823	27698875013	9186885111	128770666	4947000	20020000	7418000	42000	768217	0	1800271	0
1789818525.926322	27699239392	9186918375	128770666	4947000	20020000	7418000	40000	1045999	0	1502519	0
1789818526.437840	27699448132	9186928568	128770666	4947000	20020000	7418000	40000	995143	0	1515357	0
1789818526.944979	27699643261	9186942912	128770666	5006000	20020000	7506000	39000	1095864	0	1500204	0
1789818527.457510	27699845409	9186953837	128770666	5006000	20020000	7506000	39000	913379	0	1552408	0
1789818527.965746	27700120493	9186976725	128770666	5006000	20020000	7506000	39000	811748	0	1526982	0
1789818528.477906	27700317270	9186986368	128770666	5006000	20020000	7506000	39000	654505	0	1435813	0
1789818528.985574	27700569772	9187002604	128770666	5010000	20010000	7512000	39000	930879	0	1425220	0
1789818529.499029	27700799630	9187014872	128770666	5010000	20010000	7512000	39000	623631	0	1388952	0
1789818530.008008	27700992439	9187026346	128770666	5010000	20010000	7512000	39000	983239	0	1484899	400
1789818530.547128	27705098630	9190180757	128771459	5010000	20010000	7512000	39000	1540794	0	1600000	0
1789818531.055038	27708157582	9192508510	128772558	4961000	20010000	7439000	42000	1372229	0	1566199	0
1789818531.564967	27711202252	9194812276	128773107	4961000	20010000	7439000	42000	1373462	0	1600016	0
1789818532.069812	27714217381	9197075637	128774145	4961000	20010000	7439000	43000	1384436	0	1600000	0
1789818532.581969	27717271450	9199368478	128774511	4961000	20010000	7439000	43000	1383096	0	1579664	0
1789818533.087978	27720269673	9201639773	128775060	4969000	20000000	7451000	43000	1401783	0	1600016	0
1789818533.599025	27723337658	9203970212	128775060	4969000	20000000	7451000	43000	1419457	0	1600000	0
1789818534.106962	27726375614	9206259574	128776159	4969000	20000000	7451000	43000	1393176	0	1600000	0
1789818534.615836	27729414119	9208539170	128776159	4969000	20000000	7451000	43000	1380480	0	1600000	0
1789818535.120982	27732423999	9210803202	128776220	4969000	20000000	7451000	43000	1405237	0	1699982	0
1789818535.634963	27735506572	9213062413	128776220	4969000	20000000	7451000	43000	1292324	0	1500000	0
1789818536.144979	27738541904	9215332792	128776281	4968000	19990000	7449000	43000	1379444	0	1587080	0
1789818536.652755	27741085598	9217194604	128776281	4968000	19990000	7449000	43000	1215094	0	2193972	0
1789818537.157960	27744589129	9219887896	128776281	4968000	19990000	7449000	43000	1388816	0	1600000	0
1789818537.667955	27747624766	9222167187	128776281	4968000	19990000	7449000	43000	1438037	0	1699982	0
1789818538.172966	27750644900	9224466375	128776281	4965000	19990000	7445000	43000	1393143	0	1600016	0
1789818538.682965	27753688838	9226775512	128776281	4965000	19990000	7445000	43000	1366895	0	1551949	0
1789818539.189964	27756717211	9229061090	128776281	4965000	19990000	7445000	44000	1382906	0	1600016	0
1789818539.699957	27759760966	9231349170	128776281	4965000	19990000	7445000	44000	1386292	0	1600016	0
1789818540.205939	27762670931	9233526410	128776342	4967000	19980000	7448000	43000	1887278	0	2200334	0
1789818540.715575	27765813257	9235945166	128776342	4967000	19980000	7448000	43000	1354281	0	1564692	0
1789818541.222515	27768846331	9238159455	128776342	4967000	19980000	7448000	43000	1364698	0	1555094	0
1789818541.731683	27771882578	9240461879	128776342	4967000	19980000	7448000	43000	1392949	0	1600016	0
1789818542.238976	27774916689	9242773030	128776342	4967000	19980000	7447000	44000	1372770	0	1561729	0
1789818542.747961	27777955011	9245078932	128776342	4967000	19980000	7447000	44000	1377926	0	1600016	0
1789818543.253842	27780449389	9246904367	128776342	4967000	19980000	7447000	44000	1509513	0	2499831	0
1789818543.762963	27784010415	9249658754	128776342	4967000	19980000	7447000	44000	1311700	0	1469511	0
1789818544.271191	27787045014	9251896969	128776342	4965000	19970000	7444000	44000	1387250	0	1600016	0
1789818544.782732	27790096093	9254209341	128776342	4965000	19970000	7444000	44000	1378454	0	1600000	0
1789818545.288960	27793114884	9256478134	128776342	4965000	19970000	7444000	44000	1438430	0	1600000	0
1789818545.799961	27796173043	9258766824	128776342	4965000	19970000	7444000	44000	1386277	0	1600016	0
1789818546.304972	27799187622	9261041721	128776342	4965000	19970000	7444000	44000	1376178	0	1600016	0
1789818546.815969	27801377131	9262538604	128776342	4965000	19970000	7444000	44000	1418054	0	1800204	0
1789818547.321152	27801707086	9262549346	128776342	4966000	19960000	7446000	41000	660187	0	1469938	0
1789818547.830941	27801885125	9262562286	128776342	4966000	19960000	7446000	41000	682669	0	1600018	0
1789818548.337286	27802046136	9262568572	128776342	4966000	19960000	7446000	41000	632741	0	1411113	0
1789818548.845973	27802262566	9262592437	128776342	4966000	19960000	7446000	41000	657225	0	1460814	0
1789818549.352449	27802526481	9262601653	128776342	5007000	19960000	7508000	40000	665775	0	1600000	0
1789818549.862325	27802818045	9262633819	128776342	5007000	19960000	7508000	40000	636452	0	1444703	0
1789818550.368333	27803141104	9262644134	128776342	5007000	19960000	7508000	40000	1008267	0	1426550	0
1789818550.878052	27803366689	9262655425	128776342	5007000	19960000	7508000	40000	634214	0	1500000	0
1789818551.383588	27803602040	9262692718	128776342	5007000	19960000	7507000	41000	587685	0	1448546	0
1789818551.894591	27804116870	9262831999	128777258	5007000	19960000	7507000	41000	680899	0	1555117	0
1789818552.398899	27806053633	9264139918	128777258	5007000	19960000	7507000	44000	693071	0	1704058	0
1789818552.906768	27808419960	9265970785	128777258	5007000	19960000	7507000	44000	1121757	0	3080824	0
1789818553.410783	27810766267	9267609880	128777563	4978000	19950000	7464000	51000	1048003	0	3100000	0
1789818553.917980	27813188136	9269501721	128777563	4978000	19950000	7464000	51000	1287992	0	3040673	0
1789818554.422009	27815915668	9271353950	128777563	4978000	19950000	7464000	48000	1216287	0	3100000	0
1789818554.928980	27818397046	9273307375	128777563	4978000	19950000	7464000	48000	1562646	0	3100000	0
1789818555.433011	27820643683	9274872801	128777563	4976000	19950000	7461000	51000	963329	0	3100000	0
1789818555.941064	27823061463	9276757867	128777563	4976000	19950000	7461000	51000	952060	0	3081088	0
1789818556.445854	27825374689	9278372426	128777624	4976000	19950000	7461000	51000	1396952	0	3099968	0
1789818556.954827	27827875110	9280322128	128777624	4976000	19950000	7461000	51000	1919276	0	3029651	0
1789818557.460206	27828284960	9280417587	128777624	4976000	19950000	7461000	41000	648770	0	1546622	0
1789818557.971253	27828505480	9280436202	128777624	4976000	19950000	7461000	41000	580167	0	1380189	0
1789818558.477526	27828674852	9280444198	128777624	5006000	19940000	7506000	40000	641088	0	1600036	0
1789818558.987445	27828899033	9280463302	128777624	5006000	19940000	7506000	40000	703251	0	1453024	0
1789818559.493493	27829078598	9280471481	128777624	5006000	19940000	7506000	40000	741538	0	1343638	0
1789818560.004001	27829299911	9280488448	128777624	5006000	19940000	7506000	40000	585970	0	1545968	0
1789818560.510524	27829480086	9280496139	128777624	5009000	19940000	7511000	40000	656043	0	1459485	0
1789818561.019075	27829704695	9280514083	128777624	5009000	19940000	7511000	40000	594434	0	1469331	0
1789818561.525385	27829915144	9280523727	128777624	5009000	19940000	7511000	40000	567743	0	1567184	0
1789818562.034326	27830368268	9280651351	128777807	5009000	19940000	7511000	40000	918707	0	1583337	0
1789818562.541956	27834214449	9283823523	128777807	5009000	19940000	7511000	43000	1345643	0	1510659	0
1789818563.052953	27837249415	9286145905	128778845	5009000	19940000	7511000	43000	1475947	0	1634886	0
1789818563.557955	27840221514	9288477625	128778845	5009000	19940000	7511000	43000	1706978	0	1900359	0
1789818564.069033	27843335153	9290966022	128778845	5009000	19940000	7511000	43000	1298087	0	1500000	0
1789818564.576603	27846352175	9293308972	128778845	4966000	19930000	7446000	44000	1447148	0	1698720	0
1789818565.085948	27849315302	9295623847	128778845	4966000	19930000	7446000	44000	1187394	0	1699344	0
1789818565.591955	27852418809	9298125549	128778845	4966000	19930000	7446000	44000	1500071	0	1700000	0
1789818566.103983	27854014020	9299258908	128778845	4966000	19930000	7446000	44000	699504	0	1700276	0
1789818566.611770	27854179669	9299266171	128778845	5003000	19920000	7502000	40000	851764	0	1700517	0
1789818567.124839	27854584453	9299313351	128778845	5003000	19920000	7502000	40000	630787	0	1546313	0
1789818567.631832	27854805339	9299319150	128778845	5003000	19920000	7502000	40000	687542	0	1600000	0
1789818568.143966	27854994792	9299332272	128778845	5003000	19920000	7502000	40000	650008	0	1600000	0
1789818568.651683	27855223978	9299336484	128778845	5003000	19920000	7502000	40000	705341	0	1642390	0
1789818569.164890	27855634316	9299408444	128778845	5003000	19920000	7502000	40000	1108859	0	1569791	0
1789818569.672711	27855803261	9299416867	128778845	5009000	19920000	7511000	40000	647911	0	1600016	0
1789818570.185835	27856199012	9299437680	128778845	5009000	19920000	7511000	40000	691637	0	1499982	0
1789818570.693988	27856383582	9299445675	128778845	5009000	19920000	7511000	40000	616318	0	1700251	0
1789818571.206987	27858399568	9300688653	128778845	5009000	19920000	7511000	40000	1841786	0	2200305	0
1789818571.713977	27861746361	9302956042	128779028	5009000	19920000	7511000	43000	1478932	0	1600000	0
1789818572.225963	27864821915	9304838179	128779455	5009000	19920000	7511000	43000	1264912	0	1499984	0
1789818572.731028	27867833077	9306804726	128779516	5009000	19920000	7511000	43000	1543552	0	1591885	0
1789818573.243067	27870875000	9308830844	128779516	5009000	19920000	7511000	43000	1432972	0	1532042	0
1789818573.748720	27873685784	9310733061	128779516	4976000	19910000	7461000	43000	1452330	0	1700251	0
1789818574.258031	27876956222	9312807702	128779577	4976000	19910000	7461000	43000	1191131	0	1395575	0
1789818574.765164	27878403423	9313632712	128780004	4976000	19910000	7461000	41000	1246866	0	1640562	0
1789818575.278358	27878624980	9313645590	128780004	4976000	19910000	7461000	41000	824314	0	1494898	0
1789818575.786026	27878823344	9313656576	128780004	5005000	19910000	7505000	40000	779806	0	1600000	0
1789818576.298042	27879020792	9313668478	128780004	5005000	19910000	7505000	40000	1234688	0	1550927	0
1789818576.804549	27879195657	9313675131	128780004	5005000	19910000	7505000	40000	817470	0	1541059	0
1789818577.313293	27879407388	9313687338	128780004	5005000	19910000	7505000	40000	1175830	0	1500000	0
1789818577.818245	27879613808	9313695212	128780004	5006000	19900000	7506000	40000	1050058	0	1437506	0
1789818578.329533	27879838478	9313707907	128780004	5006000	19900000	7506000	40000	675269	0	1600017	0
1789818578.835159	27880027076	9313715963	128780004	5006000	19900000	7506000	39000	549827	0	1382578	0
1789818579.345443	27880233191	9313729025	128780004	5006000	19900000	7506000	39000	657966	0	1465959	0
1789818579.850029	27882274568	9315047259	128780920	5006000	19900000	7506000	43000	1898020	0	2200242	0
1789818580.360986	27885583519	9317443188	128781103	5006000	19900000	7506000	43000	1125122	0	1290451	0
1789818580.866969	27888608719	9319552924	128781652	5001000	19900000	7499000	43000	1038966	0	1199987	0
1789818581.376606	27891618233	9321670716	128781957	5001000	19900000	7499000	43000	1636324	0	1900000	0
1789818581.881535	27894645142	9323827266	128782079	5001000	19900000	7499000	43000	1279732	0	1556945	0
1789818582.389030	27897668022	9325973012	128782079	5001000	19900000	7499000	43000	1467383	0	1700000	0
1789818582.893938	27899025685	9326792102	128782079	4969000	19900000	7451000	40000	577228	0	1537016	0
1789818583.404332	27899260669	9326803760	128782079	4969000	19900000	7451000	40000	898793	0	1575009	0
1789818583.910156	27899427966	9326809070	128782079	4969000	19900000	7451000	40000	1046632	0	1506396	0
1789818584.420152	27900001512	9326996203	128782079	4969000	19900000	7451000	40000	611840	0	1544366	0
1789818584.925826	27900164232	9327001391	128782079	4997000	19890000	7493000	40000	888043	0	1555893	0
1789818585.436207	27900357713	9327015795	128782079	4997000	19890000	7493000	40000	639311	0	1456120	0
1789818585.942477	27900589340	9327022814	128782079	4997000	19890000	7493000	39000	768817	0	1400253	0
1789818586.451993	27900895126	9327035509	128782079	4997000	19890000	7493000	39000	731762	0	1496309	0
1789818586.958011	27901052596	9327041491	128782079	5010000	19890000	7512000	39000	940125	0	1466454	0
1789818587.467360	27901252547	9327054980	128782079	5010000	19890000	7512000	39000	783214	0	1600117	0
1789818587.973275	27902559245	9327704209	128783117	5010000	19890000	7512000	43000	989746	0	3100000	0
1789818588.479928	27906250703	9330080729	128783666	5010000	19890000	7512000	43000	1739850	0	2000261	0
1789818588.985098	27909327172	9332025426	128783666	4963000	19880000	7441000	42000	1178870	0	1500180	0
1789818589.496506	27911545123	9333358796	128783727	4963000	19880000	7441000	42000	998231	0	1600000	0
1789818590.001413	27911688189	9333363191	128783727	4963000	19880000	7441000	39000	783854	0	1459051	0
1789818590.511414	27911918413	9333377351	128783727	4963000	19880000	7441000	39000	696692	0	1525058	0
1789818591.018617	27912096574	9333385042	128783788	4963000	19880000	7441000	39000	825860	0	1500026	0
1789818591.528549	27912339371	9333400666	128783788	4963000	19880000	7441000	39000	1128843	0	1600000	0
1789818592.033367	27912576920	9333410554	128783788	5009000	19880000	7510000	39000	983382	0	1545884	0
1789818592.541964	27912774368	9333428254	128783788	5009000	19880000	7510000	39000	762038	0	1500057	0
1789818593.047051	27912948073	9333437532	128783788	5009000	19880000	7510000	39000	738747	0	1383887	0
1789818593.558600	27913173903	9333457734	128783788	5009000	19880000	7510000	39000	646211	0	1500000	0
1789818594.064219	27913472547	9333518830	128783788	5011000	19880000	7513000	39000	1359834	0	1700215	0
1789818594.573473	27914437266	9334028289	128784033	5011000	19880000	7513000	39000	2396250	0	2927675	0
1789818595.077942	27918043886	9336543969	128784216	5011000	19880000	7513000	43000	1406383	0	1487365	0
1789818595.591952	27921379204	9338558368	128784216	5011000	19880000	7513000	43000	1191774	0	1477082	0
1789818596.099952	27924041124	9340297683	128784582	4969000	19880000	7450000	43000	1796621	0	1804409	0
1789818596.610122	27927455055	9342370309	128784582	4969000	19880000	7450000	43000	1300898	0	1477405	0
1789818597.115743	27930128083	9344129216	128785253	4969000	19880000	7450000	42000	889581	0	1889177	0
1789818597.623640	27933505333	9346150634	128785925	4969000	19880000	7450000	42000	1384618	0	1484834	0
1789818598.130374	27936340286	9348080744	128786108	4962000	19870000	7440000	43000	796083	0	1535022	0
1789818598.638862	27939534126	9349972890	128786108	4962000	19870000	7440000	43000	1294122	0	1500015	0
1789818599.151933	27942545654	9352000228	128786108	4962000	19870000	7440000	43000	1738569	0	1900247	0
1789818599.664952	27945615531	9353785624	128786108	4962000	19870000	7440000	43000	1383892	0	1494955	0
1789818600.174171	27947284350	9354693825	128786108	4965000	19860000	7444000	40000	628866	0	1652633	0
1789818600.686916	27947465197	9354702187	128786108	4965000	19860000	7444000	40000	687554	0	1599981	0
1789818601.194722	27947649523	9354710304	128786108	4965000	19860000	7444000	40000	644822	0	1558617	0
1789818601.708948	27947842271	9354725563	128786108	4965000	19860000	7444000	40000	1320855	0	1734854	0
1789818602.216736	27948108933	9354768288	128786108	4965000	19860000	7444000	39000	787485	0	1508268	0
1789818602.730811	27948377853	9354776955	128786108	4965000	19860000	7444000	39000	1049710	0	1600174	0
1789818603.238996	27948621200	9354809486	128786108	5007000	19860000	7508000	39000	687306	0	1598289	0
1789818603.752548	27948795394	9354817177	128786108	5007000	19860000	7508000	39000	657274	0	1263199	0
1789818604.261205	27949354596	9355011146	128786108	5007000	19860000	7508000	39000	984110	0	1700170	0
1789818604.772389	27949656537	9355020057	128786108	5007000	19860000	7508000	39000	1020934	0	1600000	0
1789818605.280939	27951745765	9356216587	128786169	5005000	19860000	7505000	45000	2621081	0	3100031	0
1789818605.789773	27955616177	9358880093	128786291	5005000	19860000	7505000	45000	1041535	0	1138623	0
1789818606.297961	27958645344	9360858665	128786413	5005000	19860000	7505000	43000	1400076	0	1500015	0
1789818606.807956	27961697399	9362894121	128787145	5005000	19860000	7505000	43000	1370050	0	1600032	0
1789818607.315487	27964719242	9364921887	128787145	4966000	19850000	7446000	43000	1354120	0	1600016	0
1789818607.824105	27965064212	9365020764	128787145	4966000	19850000	7446000	43000	614284	0	1600000	0
1789818608.329793	27965355044	9365033886	128787206	4966000	19850000	7446000	39000	656740	0	1495882	0
1789818608.839318	27965546938	9365044506	128787206	4966000	19850000	7446000	39000	557367	0	1546973	0
1789818609.345491	27965739137	9365056225	128787206	5007000	19840000	7508000	39000	808723	0	1523039	0
1789818609.855881	27965941285	9365067272	128787206	5007000	19840000	7508000	39000	599489	0	1539922	0
1789818610.362408	27966114868	9365076855	128787267	5007000	19840000	7508000	39000	1119321	0	1599933	0
1789818610.872970	27966270203	9365082531	128787267	5007000	19840000	7508000	39000	684075	0	1499982	0
1789818611.378659	27966565917	9365096264	128787267	5009000	19840000	7511000	39000	683824	0	1541700	0
1789818611.888983	27967570248	9365417186	128787267	5009000	19840000	7511000	39000	775981	0	1552679	0
1789818612.395069	27967770382	9365428172	128787267	5009000	19840000	7511000	39000	1305219	0	1500000	0
1789818612.904925	27969759818	9366591255	128788122	5009000	19840000	7511000	39000	1461776	0	3084870	0
1789818613.410832	27973010542	9368608584	128788732	5009000	19840000	7511000	42000	810114	0	1579372	0
1789818613.920974	27976279210	9370536192	128788732	5009000	19840000	7511000	42000	1083256	0	1300000	0
1789818614.426851	27979132963	9372238091	128789770	4980000	19840000	7467000	42000	983123	0	2796907	0
1789818614.934066	27980034083	9372495903	128790319	4980000	19840000	7467000	42000	945976	0	1639037	0
1789818615.440425	27980226832	9372508965	128790624	4980000	19840000	7467000	39000	574062	0	1500000	0
1789818615.950555	27980426966	9372519524	128790807	4980000	19840000	7467000	39000	667522	0	1518061	0
1789818616.457111	27980603662	9372527947	128790807	5009000	19830000	7510000	39000	559925	0	1500025	0
1789818616.967527	27980749719	9372533745	128790807	5009000	19830000	7510000	39000	644996	0	1414203	0
1789818617.474217	27980942284	9372544426	128790807	5009000	19830000	7510000	39000	648605	0	1557105	0
1789818617.984379	27981126122	9372552422	128790807	5009000	19830000	7510000	39000	646585	0	1448857	0
1789818618.493285	27981308250	9372560539	128790807	5011000	19830000	7513000	39000	830352	0	1414570	0
1789818619.003475	27981465415	9372566704	128790807	5011000	19830000	7513000	39000	579364	0	1425353	0
1789818619.508435	27981758993	9372577812	128790807	5011000	19830000	7513000	39000	706330	0	1460230	0
1789818620.018044	27983655595	9373727773	128790807	5011000	19830000	7513000	39000	1033207	0	3100000	0
1789818620.522900	27986373117	9375336655	128790807	4985000	19830000	7475000	45000	2360158	0	2536965	0
1789818621.032835	27990028443	9378315957	128790869	4985000	19830000	7475000	45000	1444178	0	1699982	0
1789818621.542172	27992492242	9379995518	128790869	4985000	19830000	7475000	42000	1092382	0	2845972	0
1789818622.050535	27992685296	9380009922	128790930	4985000	19830000	7475000	42000	746580	0	1335603	0
1789818622.555074	27993114433	9380036045	128790930	5006000	19820000	7506000	39000	1034213	0	1477395	0
1789818623.065372	27993491507	9380047276	128790930	5006000	19820000	7506000	39000	546555	0	1155177	0
1789818623.570787	27993877798	9380059666	128791418	5006000	19820000	7506000	39000	491359	0	1020563	0
1789818624.081076	27994348805	9380120823	128791418	5006000	19820000	7506000	39000	890939	0	1245331	0
1789818624.586502	27994906604	9380237155	128791418	5001000	19820000	7499000	39000	545880	0	1300000	0
1789818625.096589	27995366014	9380246494	128791418	5001000	19820000	7499000	39000	579511	0	1369176	0
1789818625.601705	27995757554	9380260593	128791418	5001000	19820000	7499000	39000	629965	0	1400016	0
1789818626.112047	27996124679	9380266635	128791418	5001000	19820000	7499000	39000	594441	0	1268059	0
1789818626.618276	27996632491	9380354953	128791784	5001000	19820000	7499000	40000	956545	0	2244124	0
1789818627.126790	28000598972	9382836636	128793920	5001000	19820000	7499000	40000	1100964	0	1278008	0
1789818627.634678	28003628627	9384827171	128795629	5007000	19820000	7507000	42000	1170482	0	1399985	0
1789818628.144071	28006652606	9386804155	128796972	5007000	19820000	7507000	42000	1329301	0	1507499	0
1789818628.654020	28009667369	9388786694	128797582	5007000	19820000	7507000	42000	1288697	0	1500230	0
1789818629.163601	28012527225	9390638618	128798193	5007000	19820000	7507000	42000	1609525	0	1900541	0
1789818629.667833	28013359743	9390884955	128798193	4965000	19810000	7445000	39000	834947	0	1633556	0
1789818630.178190	28013563111	9390896491	128798193	4965000	19810000	7445000	39000	895102	0	1457913	0
1789818630.683974	28013822022	9390909491	128798193	4965000	19810000	7445000	39000	875892	0	1430145	0
1789818631.193086	28014005493	9390917792	128798193	4965000	19810000	7445000	39000	660126	0	1600026	0
1789818631.699401	28014204833	9390926093	128798193	5007000	19810000	7507000	39000	838423	0	1549177	0
1789818632.209165	28014381469	9390933722	128798193	5007000	19810000	7507000	39000	1001659	0	1478205	0
1789818632.715094	28014692869	9390940375	128798193	5007000	19810000	7507000	39000	1264506	0	1542032	0
1789818633.224111	28015026670	9390978522	128798193	5007000	19810000	7507000	39000	722318	0	1600000	0
1789818633.730443	28015247616	9390985724	128798193	5005000	19800000	7505000	39000	962776	0	1426239	0
1789818634.240445	28015816401	9391176031	128798986	5005000	19800000	7505000	39000	862041	0	1599979	0
1789818634.746458	28016287286	9391302252	128799597	5005000	19800000	7505000	39000	791488	0	1529016	0
1789818635.255930	28016946648	9391511419	128799902	5005000	19800000	7505000	39000	1790604	0	2855771	0
1789818635.760895	28017393851	9391608037	128800329	5000000	19800000	7497000	39000	1119309	0	1560774	0
1789818636.272003	28017757009	9391661260	128800878	5000000	19800000	7497000	39000	584300	0	1500000	0
1789818636.778482	28017957570	9391671147	128801306	5000000	19800000	7497000	38000	1075511	0	1425123	0
1789818637.289239	28018271595	9391705632	128801550	5000000	19800000	7497000	38000	741135	0	1542796	0
1789818637.794543	28018437427	9391712163	128802160	5000000	19800000	7497000	38000	909430	0	1478332	0
1789818638.306061	28018885485	9391741948	128802160	5000000	19800000	7497000	38000	869832	0	1549118	0
1789818638.811089	28019072191	9391748784	128802160	5010000	19800000	7512000	38000	1269029	0	1582702	0
1789818639.320975	28019363756	9391766545	128802160	5010000	19800000	7512000	38000	741162	0	1519182	0
1789818639.826087	28019710007	9391809514	128802587	5010000	19800000	7512000	38000	1212517	0	1500065	0
1789818640.335560	28019906357	9391819645	128802587	5010000	19800000	7512000	38000	642500	0	1532133	0
1789818640.843159	28020107528	9391840214	128803076	5005000	19800000	7505000	38000	569702	0	1447705	0
1789818641.354669	28020307174	9391850834	128803076	5005000	19800000	7505000	38000	644168	0	1560090	0
1789818641.861196	28020575606	9391877201	128803076	5005000	19800000	7505000	38000	689718	0	1600000	0
1789818642.371151	28020867170	9391895024	128803076	5005000	19800000	7505000	38000	716837	0	1427578	0
1789818642.877496	28021105511	9391916508	128803198	5009000	19790000	7511000	38000	570897	0	1500000	0
1789818643.387481	28021325237	9391928349	128803198	5009000	19790000	7511000	38000	724077	0	1408670	0
1789818643.894482	28021781352	9392019718	128803198	5009000	19790000	7511000	38000	710418	0	1382011	0
1789818644.404049	28022413308	9392239261	128803198	5009000	19790000	7511000	38000	1286381	0	1599797	0
1789818644.909536	28022687050	9392273196	128803198	5005000	19790000	7505000	38000	574143	0	1409591	0
1789818645.418478	28022952675	9392292361	128803198	5005000	19790000	7505000	38000	646304	0	1518482	0
1789818645.924045	28023190101	9392307437	128803198	5005000	19790000	7505000	38000	988302	0	1510774	0
1789818646.433269	28023392066	9392317752	128803198	5005000	19790000	7505000	38000	624852	0	1445247	0
1789818646.939469	28023569677	9392329593	128803198	5011000	19790000	7513000	38000	647518	0	1429010	0
1789818647.451263	28023755956	9392339725	128803198	5011000	19790000	7513000	38000	588469	0	1600070	0
1789818647.955849	28024036900	9392360538	128803198	5011000	19790000	7513000	38000	646275	0	1410932	0
1789818648.464986	28024218479	9392369143	128803198	5011000	19790000	7513000	38000	773098	0	1480605	0
1789818648.970579	28024380222	9392378543	128803198	5011000	19790000	7513000	38000	660256	0	1499976	0
1789818649.480056	28024689120	9392394595	128803198	5011000	19790000	7513000	38000	597704	0	1500000	0
1789818649.985719	28024929232	9392416446	128803198	5011000	19790000	7513000	38000	622798	0	1410699	0
1789818650.496053	28025135347	9392425723	128803198	5011000	19790000	7513000	38000	823716	0	1560061	0
1789818651.002407	28025378450	9392442691	128803198	5011000	19790000	7513000	38000	862229	0	1549263	0
1789818651.512326	28025560883	9392452029	128803198	5011000	19790000	7513000	38000	641040	0	1500538	0
1789818652.017536	28025829254	9392467715	128803198	5009000	19780000	7510000	38000	539872	0	1382196	0
1789818652.529500	28026222259	9392479678	128803198	5009000	19780000	7510000	38000	647518	0	1500000	0
1789818653.035454	28026602812	9392492312	128803198	5009000	19780000	7510000	38000	1149092	0	1356535	0
1789818653.545172	28026989224	9392510501	128803198	5009000	19780000	7510000	38000	842543	0	1204783	0
1789818654.051059	28027536220	9392603457	128803198	5007000	19780000	7508000	38000	940340	0	1300021	0
1789818654.562109	28028869346	9393002443	128803198	5007000	19780000	7508000	38000	878182	0	1539493	0
1789818655.069958	28030228413	9393363220	128803198	5007000	19780000	7508000	38000	1189519	0	1600000	0
1789818655.599063	28031969741	9393936156	128803198	5007000	19780000	7508000	38000	1139215	0	1600046	0
1789818656.104930	28033737315	9394542417	128803198	0	19780000	7493000	38000	1249773	0	1588075	0
1789818656.615838	28035501410	9395097286	128805700	0	19780000	7493000	38000	1542440	0	1704538	0
1789818657.123078	28037820007	9396062432	128807226	2813000	19780000	7543000	39000	1537736	0	1700328	0
1789818657.643070	28040311029	9397142813	128808019	2813000	19780000	7543000	39000	1720496	0	1891571	0
1789818658.146941	28043417161	9398636400	128813513	2813000	19780000	7543000	40000	1804099	0	2300597	0
1789818658.666143	28045703593	9399576034	128813513	2813000	19780000	7543000	40000	821933	0	1620615	0
1789818659.172909	28046994422	9399878463	128813513	5969000	19790000	7813000	38000	1172030	0	1499984	0
1789818659.679968	28049138399	9400656720	128848791	5969000	19790000	7813000	38000	579782	0	1119372	0
1789818660.184795	28050738980	9401158611	128852941	5969000	19790000	7813000	38000	529044	0	1239215	0
1789818660.693505	28051963220	9401302348	128855871	5969000	19790000	7813000	38000	972479	0	1497455	0
1789818661.197951	28055647171	9403193396	128857885	5969000	19790000	7813000	39000	852224	0	1507790	0
1789818661.704731	28058600777	9404558748	128857885	5969000	19790000	7813000	39000	1178699	0	1700222	0
1789818662.208891	28060696169	9405390289	128857885	11026000	19820000	7809000	39000	1145765	0	1900813	0
1789818662.715218	28062630918	9406083769	128862341	11026000	19820000	7809000	39000	651827	0	1508999	0
1789818663.219805	28064523552	9406742459	128867528	11026000	19820000	7809000	39000	1146762	0	1553482	0
1789818663.726946	28066873949	9407690088	128867834	11026000	19820000	7809000	39000	1071123	0	1689576	0
1789818664.231018	28069325359	9408832785	128867834	13912000	19840000	7825000	39000	872829	0	1460827	0
1789818664.736923	28075681971	9413013744	128904272	13912000	19840000	7825000	39000	3278801	0	4564852	0
1789818665.239569	28078791704	9414491523	128908910	13912000	19840000	7825000	40000	1161745	0	1489403	0
1789818665.745969	28081700998	9415911930	128912389	13912000	19840000	7825000	40000	949384	0	2183409	0
1789818666.250945	28083457769	9416496523	128930089	16284000	19860000	7829000	41000	3160014	0	4166158	400
1789818666.757752	28085046937	9416906251	128935216	16284000	19860000	7829000	41000	2193184	0	2753865	0
1789818667.260776	28086837155	9417447998	128962560	16284000	19860000	7829000	39000	749875	0	1490038	0
1789818667.768654	28087881830	9417518676	128962560	16284000	19860000	7829000	39000	686184	0	1230863	0
1789818668.273967	28089102469	9417717101	128971776	18485000	19880000	7833000	39000	1887958	0	2388178	400
1789818668.780329	28090397753	9417931944	128984288	18485000	19880000	7833000	39000	744495	0	1162831	0
1789818669.287184	28091391342	9417972838	128984288	18485000	19880000	7833000	38000	736883	0	1291574	0
1789818669.797995	28093222392	9418715695	128984288	18485000	19880000	7833000	38000	1121562	0	1663547	0
